TS_Type,ISO3,Country,2020-01-22,2020-01-23,2020-01-24,2020-01-25,2020-01-26,2020-01-27,2020-01-28,2020-01-29,2020-01-30,2020-01-31,2020-02-01,2020-02-02,2020-02-03,2020-02-04,2020-02-05,2020-02-06,2020-02-07,2020-02-08,2020-02-09,2020-02-10,2020-02-11,2020-02-12,2020-02-13,2020-02-14,2020-02-15,2020-02-16,2020-02-17,2020-02-18,2020-02-19,2020-02-20,2020-02-21,2020-02-22,2020-02-23,2020-02-24,2020-02-25,2020-02-26,2020-02-27,2020-02-28,2020-02-29,2020-03-01,2020-03-02,2020-03-03,2020-03-04,2020-03-05,2020-03-06,2020-03-07,2020-03-08,2020-03-09,2020-03-10,2020-03-11,2020-03-12,2020-03-13,2020-03-14,2020-03-15,2020-03-16,2020-03-17,2020-03-18,2020-03-19,2020-03-20,2020-03-21,2020-03-22,2020-03-23,FirstReportedOn,Reported,Change,Change_Percentage,Change_5,Change_Percentage_5,Change_8,Change_Percentage_8,World_Code,World,Continent_Code,Continent,Continental_SubRegion_Code,Continental_SubRegion,Intermediary_Region_Code,Intermediary_Region
CONFIRMED,CHN,China,548,643,920,1406,2075,2877,5509,6087,8141,9802,11891,16630,19716,23707,27440,30587,34110,36814,39829,42354,44386,44759,59895,66358,68413,70513,72434,74211,74619,75077,75550,77001,77022,77241,77754,78166,78600,78928,79356,79932,80136,80261,80386,80537,80690,80770,80823,80860,80887,80921,80932,80945,80977,81003,81033,81058,81102,81156,81250,81305,81435,81498,2020-01-22,81498,63,0.08,396,0.49,495,0.61,1.0,World,142.0,Asia,30.0,Eastern Asia,30.0,Eastern Asia
CONFIRMED,ITA,Italy,0,0,0,0,0,0,0,0,0,2,2,2,2,2,2,2,3,3,3,3,3,3,3,3,3,3,3,3,3,3,20,62,155,229,322,453,655,888,1128,1694,2036,2502,3089,3858,4636,5883,7375,9172,10149,12462,12462,17660,21157,24747,27980,31506,35713,41035,47021,53578,59138,63927,2020-01-31,63927,4789,8.1,28214,79.0,39180,158.32,1.0,World,150.0,Europe,39.0,Southern Europe,39.0,Southern Europe
CONFIRMED,USA,US,1,1,2,2,5,5,5,5,5,7,8,8,11,11,11,11,11,11,11,11,12,12,13,13,13,13,13,13,13,13,15,15,15,51,51,57,58,60,68,74,98,118,149,217,262,402,518,583,959,1281,1663,2179,2727,3499,4632,6421,7783,13677,19100,25489,33276,43847,2020-01-22,43847,10571,31.77,36064,463.37,40348,1153.13,1.0,World,19.0,Americas,21.0,Northern America,21.0,Northern America
CONFIRMED,ESP,Spain,0,0,0,0,0,0,0,0,0,0,1,1,1,1,1,1,1,1,2,2,2,2,2,2,2,2,2,2,2,2,2,2,2,2,6,13,15,32,45,84,120,165,222,259,400,500,673,1073,1695,2277,2277,5232,6391,7798,9942,11748,13910,17963,20410,25374,28768,35136,2020-02-01,35136,6368,22.14,21226,152.6,27338,350.58,1.0,World,150.0,Europe,39.0,Southern Europe,155.0,Western Europe
CONFIRMED,DEU,Germany,0,0,0,0,0,1,4,4,4,5,8,10,12,12,12,12,13,13,14,14,16,16,16,16,16,16,16,16,16,16,16,16,16,16,17,27,46,48,79,130,159,196,262,482,670,799,1040,1176,1457,1908,2078,3675,4585,5795,7272,9257,12327,15320,19848,22213,24873,29056,2020-01-27,29056,4183,16.82,16729,135.71,23261,401.4,1.0,World,150.0,Europe,155.0,Western Europe,155.0,Western Europe
CONFIRMED,IRN,Iran,0,0,0,0,0,0,0,0,0,0,0,0,0,0,0,0,0,0,0,0,0,0,0,0,0,0,0,0,2,5,18,28,43,61,95,139,245,388,593,978,1501,2336,2922,3513,4747,5823,6566,7161,8042,9000,10075,11364,12729,13938,14991,16169,17361,18407,19644,20610,21638,23049,2020-02-19,23049,1411,6.52,5688,32.76,9111,65.37,1.0,World,142.0,Asia,34.0,Southern Asia,34.0,Southern Asia
CONFIRMED,FRA,France,0,0,2,3,3,3,4,5,5,5,6,6,6,6,6,6,6,11,11,11,11,11,11,11,12,12,12,12,12,12,12,12,12,12,14,18,38,57,100,130,191,204,288,380,656,959,1136,1219,1794,2293,2293,3681,4496,4532,6683,7715,9124,10970,12758,14463,16243,20123,2020-01-24,20123,3880,23.89,10999,120.55,15591,344.02,1.0,World,150.0,Europe,155.0,Western Europe,155.0,Western Europe
CONFIRMED,KOR,South Korea,1,1,2,2,3,4,4,4,4,11,12,15,15,16,19,23,24,24,25,27,28,28,28,28,28,29,30,31,31,104,204,433,602,833,977,1261,1766,2337,3150,3736,4335,5186,5621,6088,6593,7041,7314,7478,7513,7755,7869,7979,8086,8162,8236,8320,8413,8565,8652,8799,8961,8961,2020-01-22,8961,0,0.0,548,6.51,799,9.79,1.0,World,142.0,Asia,30.0,Eastern Asia,30.0,Eastern Asia
CONFIRMED,CHE,Switzerland,0,0,0,0,0,0,0,0,0,0,0,0,0,0,0,0,0,0,0,0,0,0,0,0,0,0,0,0,0,0,0,0,0,0,1,1,8,8,18,27,42,56,90,114,214,268,337,374,491,652,652,1139,1359,2200,2200,2700,3028,4075,5294,6575,7474,8795,2020-02-25,8795,1321,17.67,5767,190.46,6595,299.77,1.0,World,150.0,Europe,155.0,Western Europe,155.0,Western Europe
CONFIRMED,GBR,United Kingdom,0,0,0,0,0,0,0,0,0,2,2,2,2,2,2,2,3,3,3,8,8,9,9,9,9,9,9,9,9,9,9,9,9,13,13,13,15,20,23,36,40,51,86,116,164,207,274,322,384,459,459,802,1144,1145,1551,1960,2642,2716,4014,5067,5745,6726,2020-01-31,6726,981,17.08,4084,154.58,5581,487.42,1.0,World,150.0,Europe,154.0,Northern Europe,39.0,Southern Europe
CONFIRMED,NLD,Netherlands,0,0,0,0,0,0,0,0,0,0,0,0,0,0,0,0,0,0,0,0,0,0,0,0,0,0,0,0,0,0,0,0,0,0,0,0,1,1,6,10,18,24,38,82,128,188,265,321,382,503,503,806,962,1138,1416,1711,2058,2467,3003,3640,4217,4764,2020-02-27,4764,547,12.97,2706,131.49,3626,318.63,1.0,World,150.0,Europe,155.0,Western Europe,155.0,Western Europe
CONFIRMED,AUT,Austria,0,0,0,0,0,0,0,0,0,0,0,0,0,0,0,0,0,0,0,0,0,0,0,0,0,0,0,0,0,0,0,0,0,0,2,2,3,3,9,14,18,21,29,41,55,79,104,131,182,246,302,504,655,860,1018,1332,1646,2013,2388,2814,3582,4474,2020-02-25,4474,892,24.9,2828,171.81,3614,420.23,1.0,World,150.0,Europe,155.0,Western Europe,155.0,Western Europe
CONFIRMED,BEL,Belgium,0,0,0,0,0,0,0,0,0,0,0,0,0,1,1,1,1,1,1,1,1,1,1,1,1,1,1,1,1,1,1,1,1,1,1,1,1,1,1,2,8,13,23,50,109,169,200,239,267,314,314,559,689,886,1058,1243,1486,1795,2257,2815,3401,3743,2020-02-04,3743,342,10.06,2257,151.88,2857,322.46,1.0,World,150.0,Europe,155.0,Western Europe,155.0,Western Europe
CONFIRMED,NOR,Norway,0,0,0,0,0,0,0,0,0,0,0,0,0,0,0,0,0,0,0,0,0,0,0,0,0,0,0,0,0,0,0,0,0,0,0,1,1,6,15,19,25,32,56,87,108,147,176,205,400,598,702,996,1090,1221,1333,1463,1550,1746,1914,2118,2385,2621,2020-02-26,2621,236,9.9,1071,69.1,1400,114.66,1.0,World,150.0,Europe,154.0,Northern Europe,154.0,Northern Europe
CONFIRMED,CAN,Canada,0,0,0,0,1,1,2,2,2,4,4,4,4,4,5,5,7,7,7,7,7,7,7,7,7,7,8,8,8,8,9,9,9,10,11,11,13,14,20,24,27,30,33,37,49,54,64,77,79,108,117,193,198,252,415,478,657,800,943,1277,1469,2088,2020-01-26,2088,619,42.14,1431,217.81,1836,728.57,1.0,World,19.0,Americas,21.0,Northern America,21.0,Northern America
CONFIRMED,PRT,Portugal,0,0,0,0,0,0,0,0,0,0,0,0,0,0,0,0,0,0,0,0,0,0,0,0,0,0,0,0,0,0,0,0,0,0,0,0,0,0,0,0,2,2,5,8,13,20,30,30,41,59,59,112,169,245,331,448,448,785,1020,1280,1600,2060,2020-03-02,2060,460,28.75,1612,359.82,1815,740.82,1.0,World,150.0,Europe,39.0,Southern Europe,39.0,Southern Europe
CONFIRMED,SWE,Sweden,0,0,0,0,0,0,0,0,0,1,1,1,1,1,1,1,1,1,1,1,1,1,1,1,1,1,1,1,1,1,1,1,1,1,1,2,7,7,12,14,15,21,35,94,101,161,203,248,355,500,599,814,961,1022,1103,1190,1279,1439,1639,1763,1934,2046,2020-01-31,2046,112,5.79,767,59.97,1024,100.2,1.0,World,150.0,Europe,154.0,Northern Europe,39.0,Southern Europe
CONFIRMED,BRA,Brazil,0,0,0,0,0,0,0,0,0,0,0,0,0,0,0,0,0,0,0,0,0,0,0,0,0,0,0,0,0,0,0,0,0,0,0,1,1,1,2,2,2,2,4,4,13,13,20,25,31,38,52,151,151,162,200,321,372,621,793,1021,1546,1924,2020-02-26,1924,378,24.45,1552,417.2,1762,1087.65,1.0,World,19.0,Americas,419.0,Latin America and the Caribbean,5.0,South America
CONFIRMED,AUS,Australia,0,0,0,0,4,5,5,6,9,9,12,12,12,13,13,14,15,15,15,15,15,15,15,15,15,15,15,15,15,15,15,15,15,15,15,15,15,15,25,27,30,39,52,55,60,63,76,91,107,128,128,200,250,297,377,452,568,681,791,1071,1549,1682,2020-01-26,1682,133,8.59,1114,196.13,1385,466.33,1.0,World,9.0,Oceania,53.0,Australia and New Zealand,53.0,Australia and New Zealand
CONFIRMED,DNK,Denmark,0,0,0,0,0,0,0,0,0,0,0,0,0,0,0,0,0,0,0,0,0,0,0,0,0,0,0,0,0,0,0,0,0,0,0,0,1,1,3,4,4,6,11,11,24,24,37,92,264,444,617,804,836,875,933,1025,1116,1225,1337,1420,1514,1572,2020-02-27,1572,58,3.83,456,40.86,697,79.66,1.0,World,150.0,Europe,154.0,Northern Europe,154.0,Northern Europe
CONFIRMED,TUR,Turkey,0,0,0,0,0,0,0,0,0,0,0,0,0,0,0,0,0,0,0,0,0,0,0,0,0,0,0,0,0,0,0,0,0,0,0,0,0,0,0,0,0,0,0,0,0,0,0,0,0,1,1,5,5,6,18,47,98,192,359,670,1236,1529,2020-03-11,1529,293,23.71,1431,1460.2,1523,25383.33,1.0,World,142.0,Asia,145.0,Western Asia,145.0,Western Asia
CONFIRMED,MYS,Malaysia,0,0,0,3,4,4,4,7,8,8,8,8,8,10,12,12,12,16,16,18,18,18,19,19,22,22,22,22,22,22,22,22,22,22,22,22,23,23,25,29,29,36,50,50,83,93,99,117,129,149,149,197,238,428,566,673,790,900,1030,1183,1306,1518,2020-01-25,1518,212,16.23,728,92.15,1090,254.67,1.0,World,142.0,Asia,35.0,South-eastern Asia,35.0,South-eastern Asia
CONFIRMED,ISR,Israel,0,0,0,0,0,0,0,0,0,0,0,0,0,0,0,0,0,0,0,0,0,0,0,0,0,0,0,0,0,0,1,1,1,1,1,2,3,4,7,10,10,12,15,20,37,43,61,61,83,109,131,161,193,251,255,337,433,677,705,883,1071,1442,2020-02-21,1442,371,34.64,1009,233.03,1191,474.5,1.0,World,142.0,Asia,145.0,Western Asia,145.0,Western Asia
CONFIRMED,CZE,Czech Republic,0,0,0,0,0,0,0,0,0,0,0,0,0,0,0,0,0,0,0,0,0,0,0,0,0,0,0,0,0,0,0,0,0,0,0,0,0,0,0,3,3,5,8,12,18,19,31,31,41,91,94,141,189,253,298,396,464,694,833,995,1120,1236,2020-03-01,1236,116,10.36,772,166.38,983,388.54,1.0,World,150.0,Europe,151.0,Eastern Europe,151.0,Eastern Europe
CONFIRMED,JPN,Japan,2,2,2,2,4,4,7,7,11,15,20,20,20,22,22,22,25,25,26,26,26,28,28,29,43,59,66,74,84,94,105,122,147,159,170,189,214,228,241,256,274,293,331,360,420,461,502,511,581,639,639,701,773,839,839,878,889,924,963,1007,1101,1128,2020-01-22,1128,27,2.45,239,26.88,289,34.45,1.0,World,142.0,Asia,30.0,Eastern Asia,30.0,Eastern Asia
CONFIRMED,IRL,Ireland,0,0,0,0,0,0,0,0,0,0,0,0,0,0,0,0,0,0,0,0,0,0,0,0,0,0,0,0,0,0,0,0,0,0,0,0,0,0,1,1,1,2,6,6,18,18,19,21,34,43,43,90,129,129,169,223,292,557,683,785,906,1125,2020-02-29,1125,219,24.17,833,285.27,996,772.09,1.0,World,150.0,Europe,154.0,Northern Europe,154.0,Northern Europe
CONFIRMED,ECU,Ecuador,0,0,0,0,0,0,0,0,0,0,0,0,0,0,0,0,0,0,0,0,0,0,0,0,0,0,0,0,0,0,0,0,0,0,0,0,0,0,0,6,6,7,10,13,13,13,14,15,15,17,17,17,28,28,37,58,111,199,367,506,789,981,2020-03-01,981,192,24.33,870,783.78,953,3403.57,1.0,World,19.0,Americas,419.0,Latin America and the Caribbean,5.0,South America
CONFIRMED,LUX,Luxembourg,0,0,0,0,0,0,0,0,0,0,0,0,0,0,0,0,0,0,0,0,0,0,0,0,0,0,0,0,0,0,0,0,0,0,0,0,0,0,1,1,1,1,1,1,2,2,3,3,5,7,19,34,51,59,77,140,203,335,484,670,798,875,2020-02-29,875,77,9.65,672,331.03,816,1383.05,1.0,World,150.0,Europe,155.0,Western Europe,155.0,Western Europe
CONFIRMED,PAK,Pakistan,0,0,0,0,0,0,0,0,0,0,0,0,0,0,0,0,0,0,0,0,0,0,0,0,0,0,0,0,0,0,0,0,0,0,0,2,2,2,4,4,4,5,5,5,6,6,6,6,16,19,20,28,31,53,136,236,299,454,501,730,776,875,2020-02-26,875,99,12.76,576,192.64,822,1550.94,1.0,World,142.0,Asia,34.0,Southern Asia,34.0,Southern Asia
CONFIRMED,POL,Poland,0,0,0,0,0,0,0,0,0,0,0,0,0,0,0,0,0,0,0,0,0,0,0,0,0,0,0,0,0,0,0,0,0,0,0,0,0,0,0,0,0,0,1,1,5,5,11,16,22,31,49,68,103,119,177,238,251,355,425,536,634,749,2020-03-04,749,115,18.14,498,198.41,630,529.41,1.0,World,150.0,Europe,151.0,Eastern Europe,151.0,Eastern Europe
CONFIRMED,CHL,Chile,0,0,0,0,0,0,0,0,0,0,0,0,0,0,0,0,0,0,0,0,0,0,0,0,0,0,0,0,0,0,0,0,0,0,0,0,0,0,0,0,0,1,1,4,4,4,8,8,13,23,23,43,61,74,155,201,238,238,434,537,632,746,2020-03-03,746,114,18.04,508,213.45,672,908.11,1.0,World,19.0,Americas,419.0,Latin America and the Caribbean,5.0,South America
CONFIRMED,THA,Thailand,2,3,5,7,8,8,14,14,14,19,19,19,19,25,25,25,25,32,32,32,33,33,33,33,33,34,35,35,35,35,35,35,35,35,37,40,40,41,42,42,43,43,43,47,48,50,50,50,53,59,70,75,82,114,147,177,212,272,322,411,599,721,2020-01-22,721,122,20.37,509,240.09,607,532.46,1.0,World,142.0,Asia,35.0,South-eastern Asia,35.0,South-eastern Asia
CONFIRMED,XX,Others,0,0,0,0,0,0,0,0,0,0,0,0,0,0,0,0,61,61,64,135,135,175,175,218,285,355,454,542,621,634,634,634,691,691,691,705,705,705,705,705,705,706,706,706,706,706,706,706,706,706,706,706,706,706,706,706,712,712,712,712,712,712,2020-02-07,712,0,0.0,0,0.0,6,0.85,,,,,,,,
CONFIRMED,FIN,Finland,0,0,0,0,0,0,0,1,1,1,1,1,1,1,1,1,1,1,1,1,1,1,1,1,1,1,1,1,1,1,1,1,1,1,1,2,2,2,3,6,6,6,6,12,15,15,23,30,40,59,59,155,225,244,277,321,336,400,450,523,626,700,2020-01-29,700,74,11.82,364,108.33,456,186.89,1.0,World,150.0,Europe,154.0,Northern Europe,154.0,Northern Europe
CONFIRMED,GRC,Greece,0,0,0,0,0,0,0,0,0,0,0,0,0,0,0,0,0,0,0,0,0,0,0,0,0,0,0,0,0,0,0,0,0,0,0,1,3,4,4,7,7,7,9,31,45,46,73,73,89,99,99,190,228,331,331,387,418,418,495,530,624,695,2020-02-26,695,71,11.38,277,66.27,364,109.97,1.0,World,150.0,Europe,39.0,Southern Europe,39.0,Southern Europe
CONFIRMED,ISL,Iceland,0,0,0,0,0,0,0,0,0,0,0,0,0,0,0,0,0,0,0,0,0,0,0,0,0,0,0,0,0,0,0,0,0,0,0,0,0,1,1,3,6,11,26,34,43,50,50,58,69,85,103,134,156,171,180,220,250,330,409,473,568,588,2020-02-28,588,20,3.52,338,135.2,417,243.86,1.0,World,150.0,Europe,154.0,Northern Europe,154.0,Northern Europe
CONFIRMED,IDN,Indonesia,0,0,0,0,0,0,0,0,0,0,0,0,0,0,0,0,0,0,0,0,0,0,0,0,0,0,0,0,0,0,0,0,0,0,0,0,0,0,0,0,2,2,2,2,4,4,6,19,27,34,34,69,96,117,134,172,227,311,369,450,514,579,2020-03-02,579,65,12.65,352,155.07,462,394.87,1.0,World,142.0,Asia,35.0,South-eastern Asia,35.0,South-eastern Asia
CONFIRMED,ROU,Romania,0,0,0,0,0,0,0,0,0,0,0,0,0,0,0,0,0,0,0,0,0,0,0,0,0,0,0,0,0,0,0,0,0,0,0,1,1,3,3,3,3,3,4,6,9,9,15,15,25,45,49,89,123,131,158,184,260,277,308,367,433,576,2020-02-26,576,143,33.03,316,121.54,445,339.69,1.0,World,150.0,Europe,151.0,Eastern Europe,151.0,Eastern Europe
CONFIRMED,SAU,Saudi Arabia,0,0,0,0,0,0,0,0,0,0,0,0,0,0,0,0,0,0,0,0,0,0,0,0,0,0,0,0,0,0,0,0,0,0,0,0,0,0,0,0,1,1,1,5,5,5,11,15,20,21,45,86,103,103,118,171,171,274,344,392,511,562,2020-03-02,562,51,9.98,391,228.65,459,445.63,1.0,World,142.0,Asia,145.0,Western Asia,145.0,Western Asia
CONFIRMED,SGP,Singapore,0,1,3,3,4,5,7,7,10,13,16,18,18,24,28,28,30,33,40,45,47,50,58,67,72,75,77,81,84,84,85,85,89,89,91,93,93,93,102,106,108,110,110,117,130,138,150,150,160,178,178,200,212,226,243,266,313,345,385,432,455,509,2020-01-23,509,54,11.87,196,62.62,283,125.22,1.0,World,142.0,Asia,35.0,South-eastern Asia,35.0,South-eastern Asia
CONFIRMED,QAT,Qatar,0,0,0,0,0,0,0,0,0,0,0,0,0,0,0,0,0,0,0,0,0,0,0,0,0,0,0,0,0,0,0,0,0,0,0,0,0,0,1,3,3,7,8,8,8,8,15,18,24,262,262,320,337,401,439,439,452,460,470,481,494,501,2020-02-29,501,7,1.42,49,10.84,100,24.94,1.0,World,142.0,Asia,145.0,Western Asia,145.0,Western Asia
CONFIRMED,IND,India,0,0,0,0,0,0,0,0,1,1,1,2,3,3,3,3,3,3,3,3,3,3,3,3,3,3,3,3,3,3,3,3,3,3,3,3,3,3,3,3,5,5,28,30,31,34,39,43,56,62,73,82,102,113,119,142,156,194,244,330,396,499,2020-01-30,499,103,26.01,343,219.87,386,341.59,1.0,World,142.0,Asia,34.0,Southern Asia,34.0,Southern Asia
CONFIRMED,PHL,Philippines,0,0,0,0,0,0,0,0,1,1,1,2,2,2,2,2,3,3,3,3,3,3,3,3,3,3,3,3,3,3,3,3,3,3,3,3,3,3,3,3,3,3,3,3,5,6,10,20,33,49,52,64,111,140,142,187,202,217,230,307,380,462,2020-01-30,462,82,21.58,260,128.71,322,230.0,1.0,World,142.0,Asia,35.0,South-eastern Asia,35.0,South-eastern Asia
CONFIRMED,SVN,Slovenia,0,0,0,0,0,0,0,0,0,0,0,0,0,0,0,0,0,0,0,0,0,0,0,0,0,0,0,0,0,0,0,0,0,0,0,0,0,0,0,0,0,0,0,2,7,7,16,16,31,57,89,141,181,219,253,275,275,286,341,383,414,442,2020-03-05,442,28,6.76,167,60.73,223,101.83,1.0,World,150.0,Europe,39.0,Southern Europe,155.0,Western Europe
CONFIRMED,RUS,Russia,0,0,0,0,0,0,0,0,0,2,2,2,2,2,2,2,2,2,2,2,2,2,2,2,2,2,2,2,2,2,2,2,2,2,2,2,2,2,2,2,3,3,3,4,13,13,17,17,20,20,28,45,59,63,90,114,147,199,253,306,367,438,2020-01-31,438,71,19.35,291,197.96,375,595.24,1.0,World,150.0,Europe,151.0,Eastern Europe,151.0,Eastern Europe
CONFIRMED,ZAF,South Africa,0,0,0,0,0,0,0,0,0,0,0,0,0,0,0,0,0,0,0,0,0,0,0,0,0,0,0,0,0,0,0,0,0,0,0,0,0,0,0,0,0,0,0,1,1,1,3,3,7,13,17,24,38,51,62,62,116,150,202,240,274,402,2020-03-05,402,128,46.72,286,246.55,351,688.24,1.0,World,2.0,Africa,202.0,Sub-Saharan Africa,18.0,Southern Africa
CONFIRMED,PER,Peru,0,0,0,0,0,0,0,0,0,0,0,0,0,0,0,0,0,0,0,0,0,0,0,0,0,0,0,0,0,0,0,0,0,0,0,0,0,0,0,0,0,0,0,0,1,1,6,7,11,11,15,28,38,43,86,117,145,234,234,318,363,395,2020-03-06,395,32,8.82,250,172.41,352,818.6,1.0,World,19.0,Americas,419.0,Latin America and the Caribbean,5.0,South America
CONFIRMED,BHR,Bahrain,0,0,0,0,0,0,0,0,0,0,0,0,0,0,0,0,0,0,0,0,0,0,0,0,0,0,0,0,0,0,0,0,0,1,23,33,33,36,41,47,49,49,52,55,60,85,85,95,110,195,195,195,210,214,214,228,256,278,285,305,334,377,2020-02-24,377,43,12.87,121,47.27,163,76.17,1.0,World,142.0,Asia,145.0,Western Asia,145.0,Western Asia
CONFIRMED,EGY,Egypt,0,0,0,0,0,0,0,0,0,0,0,0,0,0,0,0,0,0,0,0,0,0,0,1,1,1,1,1,1,1,1,1,1,1,1,1,1,1,1,2,2,2,2,3,15,15,49,55,59,60,67,80,109,110,150,196,196,256,285,294,327,366,2020-02-14,366,39,11.93,170,86.73,256,232.73,1.0,World,2.0,Africa,15.0,Northern Africa,15.0,Northern Africa
CONFIRMED,EST,Estonia,0,0,0,0,0,0,0,0,0,0,0,0,0,0,0,0,0,0,0,0,0,0,0,0,0,0,0,0,0,0,0,0,0,0,0,0,1,1,1,1,1,2,2,3,10,10,10,10,12,16,16,79,115,171,205,225,258,267,283,306,326,352,2020-02-27,352,26,7.98,94,36.43,181,105.85,1.0,World,150.0,Europe,154.0,Northern Europe,154.0,Northern Europe
CONFIRMED,PAN,Panama,0,0,0,0,0,0,0,0,0,0,0,0,0,0,0,0,0,0,0,0,0,0,0,0,0,0,0,0,0,0,0,0,0,0,0,0,0,0,0,0,0,0,0,0,0,0,0,0,1,8,11,27,36,43,55,69,86,109,137,200,313,345,2020-03-10,345,32,10.22,259,301.16,302,702.33,1.0,World,19.0,Americas,419.0,Latin America and the Caribbean,13.0,Central America
CONFIRMED,MEX,Mexico,0,0,0,0,0,0,0,0,0,0,0,0,0,0,0,0,0,0,0,0,0,0,0,0,0,0,0,0,0,0,0,0,0,0,0,0,0,1,4,5,5,5,5,5,6,6,7,7,7,8,12,12,26,41,53,82,93,118,164,203,251,316,2020-02-28,316,65,25.9,223,239.78,275,670.73,1.0,World,19.0,Americas,419.0,Latin America and the Caribbean,13.0,Central America
CONFIRMED,HRV,Croatia,0,0,0,0,0,0,0,0,0,0,0,0,0,0,0,0,0,0,0,0,0,0,0,0,0,0,0,0,0,0,0,0,0,0,1,3,3,5,6,7,7,9,10,10,11,12,12,12,14,19,19,32,38,49,57,65,81,105,128,206,254,315,2020-02-25,315,61,24.02,234,288.89,266,542.86,1.0,World,150.0,Europe,39.0,Southern Europe,39.0,Southern Europe
CONFIRMED,ARG,Argentina,0,0,0,0,0,0,0,0,0,0,0,0,0,0,0,0,0,0,0,0,0,0,0,0,0,0,0,0,0,0,0,0,0,0,0,0,0,0,0,0,0,1,1,1,2,8,12,12,17,19,19,31,34,45,56,68,79,97,128,158,266,301,2020-03-03,301,35,13.16,222,281.01,256,568.89,1.0,World,19.0,Americas,419.0,Latin America and the Caribbean,5.0,South America
CONFIRMED,COL,Colombia,0,0,0,0,0,0,0,0,0,0,0,0,0,0,0,0,0,0,0,0,0,0,0,0,0,0,0,0,0,0,0,0,0,0,0,0,0,0,0,0,0,0,0,0,1,1,1,1,3,9,9,13,22,34,54,65,93,102,128,196,231,277,2020-03-06,277,46,19.91,184,197.85,243,714.71,1.0,World,19.0,Americas,419.0,Latin America and the Caribbean,5.0,South America
CONFIRMED,LBN,Lebanon,0,0,0,0,0,0,0,0,0,0,0,0,0,0,0,0,0,0,0,0,0,0,0,0,0,0,0,0,0,0,1,1,1,1,1,2,2,2,4,10,13,13,13,16,22,22,32,32,41,61,61,77,93,110,110,120,133,157,163,187,248,267,2020-02-21,267,19,7.66,134,100.75,157,142.73,1.0,World,142.0,Asia,145.0,Western Asia,145.0,Western Asia
CONFIRMED,IRQ,Iraq,0,0,0,0,0,0,0,0,0,0,0,0,0,0,0,0,0,0,0,0,0,0,0,0,0,0,0,0,0,0,0,0,0,1,1,5,7,7,13,19,26,32,35,35,40,54,60,60,71,71,71,101,110,116,124,154,164,192,208,214,233,266,2020-02-24,266,33,14.16,102,62.2,150,129.31,1.0,World,142.0,Asia,145.0,Western Asia,145.0,Western Asia
CONFIRMED,SRB,Serbia,0,0,0,0,0,0,0,0,0,0,0,0,0,0,0,0,0,0,0,0,0,0,0,0,0,0,0,0,0,0,0,0,0,0,0,0,0,0,0,0,0,0,0,0,1,1,1,1,5,12,19,35,46,48,55,65,83,103,135,171,222,249,2020-03-06,249,27,12.16,166,200.0,201,418.75,1.0,World,150.0,Europe,39.0,Southern Europe,155.0,Western Europe
CONFIRMED,DOM,Dominican Republic,0,0,0,0,0,0,0,0,0,0,0,0,0,0,0,0,0,0,0,0,0,0,0,0,0,0,0,0,0,0,0,0,0,0,0,0,0,0,0,1,1,1,1,1,2,2,5,5,5,5,5,5,11,11,11,21,21,34,72,112,202,245,2020-03-01,245,43,21.29,224,1066.67,234,2127.27,1.0,World,19.0,Americas,419.0,Latin America and the Caribbean,29.0,Caribbean
CONFIRMED,ARM,Armenia,0,0,0,0,0,0,0,0,0,0,0,0,0,0,0,0,0,0,0,0,0,0,0,0,0,0,0,0,0,0,0,0,0,0,0,0,0,0,0,1,1,1,1,1,1,1,1,1,1,1,4,8,18,26,52,78,84,115,136,160,194,235,2020-03-01,235,41,21.13,151,179.76,209,803.85,1.0,World,142.0,Asia,145.0,Western Asia,145.0,Western Asia
CONFIRMED,DZA,Algeria,0,0,0,0,0,0,0,0,0,0,0,0,0,0,0,0,0,0,0,0,0,0,0,0,0,0,0,0,0,0,0,0,0,0,1,1,1,1,1,1,3,5,12,12,17,17,19,20,20,20,24,26,37,48,54,60,74,87,90,139,201,230,2020-02-25,230,29,14.43,156,210.81,182,379.17,1.0,World,2.0,Africa,15.0,Northern Africa,15.0,Northern Africa
CONFIRMED,BGR,Bulgaria,0,0,0,0,0,0,0,0,0,0,0,0,0,0,0,0,0,0,0,0,0,0,0,0,0,0,0,0,0,0,0,0,0,0,0,0,0,0,0,0,0,0,0,0,0,0,4,4,4,7,7,23,41,51,52,67,92,94,127,163,187,201,2020-03-08,201,14,7.49,109,118.48,150,294.12,1.0,World,150.0,Europe,151.0,Eastern Europe,151.0,Eastern Europe
CONFIRMED,ARE,United Arab Emirates,0,0,0,0,0,0,0,4,4,4,4,5,5,5,5,5,5,7,7,8,8,8,8,8,8,9,9,9,9,9,9,13,13,13,13,13,13,19,21,21,21,27,27,29,29,45,45,45,74,74,85,85,85,98,98,98,113,140,140,153,153,198,2020-01-29,198,45,29.41,85,75.22,100,102.04,1.0,World,142.0,Asia,145.0,Western Asia,145.0,Western Asia
CONFIRMED,TWN,Taiwan,1,1,3,3,4,5,8,8,9,10,10,10,10,11,11,16,16,17,18,18,18,18,18,18,18,20,22,22,23,24,26,26,28,30,31,32,32,34,39,40,41,42,42,44,45,45,45,45,47,48,49,50,53,59,67,77,100,108,135,153,169,195,2020-01-22,195,26,15.38,95,95.0,136,230.51,,,,,,,,
CONFIRMED,KWT,Kuwait,0,0,0,0,0,0,0,0,0,0,0,0,0,0,0,0,0,0,0,0,0,0,0,0,0,0,0,0,0,0,0,0,0,1,11,26,43,45,45,45,56,56,56,58,58,61,64,64,69,72,80,80,104,112,123,130,142,148,159,176,188,189,2020-02-24,189,1,0.53,47,33.1,77,68.75,1.0,World,142.0,Asia,145.0,Western Asia,145.0,Western Asia
CONFIRMED,SMR,San Marino,0,0,0,0,0,0,0,0,0,0,0,0,0,0,0,0,0,0,0,0,0,0,0,0,0,0,0,0,0,0,0,0,0,0,0,0,1,1,1,1,8,10,16,21,21,23,36,36,51,62,69,80,80,101,109,109,119,119,144,144,175,187,2020-02-27,187,12,6.86,68,57.14,86,85.15,1.0,World,150.0,Europe,39.0,Southern Europe,39.0,Southern Europe
CONFIRMED,SVK,Slovakia,0,0,0,0,0,0,0,0,0,0,0,0,0,0,0,0,0,0,0,0,0,0,0,0,0,0,0,0,0,0,0,0,0,0,0,0,0,0,0,0,0,0,0,0,1,1,3,3,7,10,16,32,44,54,63,72,105,123,137,178,185,186,2020-03-06,186,1,0.54,81,77.14,132,244.44,1.0,World,150.0,Europe,151.0,Eastern Europe,151.0,Eastern Europe
CONFIRMED,LVA,Latvia,0,0,0,0,0,0,0,0,0,0,0,0,0,0,0,0,0,0,0,0,0,0,0,0,0,0,0,0,0,0,0,0,0,0,0,0,0,0,0,0,1,1,1,1,1,1,2,6,8,10,10,17,26,30,34,49,71,86,111,124,139,180,2020-03-02,180,41,29.5,109,153.52,150,500.0,1.0,World,150.0,Europe,154.0,Northern Europe,154.0,Northern Europe
CONFIRMED,LTU,Lithuania,0,0,0,0,0,0,0,0,0,0,0,0,0,0,0,0,0,0,0,0,0,0,0,0,0,0,0,0,0,0,0,0,0,0,0,0,0,1,1,1,1,1,1,1,1,1,1,1,1,3,3,6,8,12,17,25,27,36,49,83,143,179,2020-02-28,179,36,25.17,152,562.96,167,1391.67,1.0,World,150.0,Europe,154.0,Northern Europe,154.0,Northern Europe
CONFIRMED,HUN,Hungary,0,0,0,0,0,0,0,0,0,0,0,0,0,0,0,0,0,0,0,0,0,0,0,0,0,0,0,0,0,0,0,0,0,0,0,0,0,0,0,0,0,0,2,2,2,4,7,9,9,13,13,19,30,32,39,50,58,73,85,103,131,167,2020-03-04,167,36,27.48,109,187.93,135,421.88,1.0,World,150.0,Europe,151.0,Eastern Europe,151.0,Eastern Europe
CONFIRMED,URY,Uruguay,0,0,0,0,0,0,0,0,0,0,0,0,0,0,0,0,0,0,0,0,0,0,0,0,0,0,0,0,0,0,0,0,0,0,0,0,0,0,0,0,0,0,0,0,0,0,0,0,0,0,0,0,4,4,8,29,50,79,94,110,158,162,2020-03-14,162,4,2.53,112,224.0,158,3950.0,1.0,World,19.0,Americas,419.0,Latin America and the Caribbean,5.0,South America
CONFIRMED,CRI,Costa Rica,0,0,0,0,0,0,0,0,0,0,0,0,0,0,0,0,0,0,0,0,0,0,0,0,0,0,0,0,0,0,0,0,0,0,0,0,0,0,0,0,0,0,0,0,1,1,5,9,9,13,22,23,26,27,35,41,50,69,89,117,134,158,2020-03-06,158,24,17.91,108,216.0,131,485.19,1.0,World,19.0,Americas,419.0,Latin America and the Caribbean,13.0,Central America
CONFIRMED,MAR,Morocco,0,0,0,0,0,0,0,0,0,0,0,0,0,0,0,0,0,0,0,0,0,0,0,0,0,0,0,0,0,0,0,0,0,0,0,0,0,0,0,0,1,1,1,2,2,2,2,2,3,5,6,7,17,28,29,38,49,63,77,96,115,143,2020-03-02,143,28,24.35,94,191.84,115,410.71,1.0,World,2.0,Africa,15.0,Northern Africa,15.0,Northern Africa
CONFIRMED,BIH,Bosnia and Herzegovina,0,0,0,0,0,0,0,0,0,0,0,0,0,0,0,0,0,0,0,0,0,0,0,0,0,0,0,0,0,0,0,0,0,0,0,0,0,0,0,0,0,0,0,2,2,3,3,3,5,7,11,13,18,24,25,26,38,63,89,93,126,136,2020-03-05,136,10,7.94,98,257.89,112,466.67,1.0,World,150.0,Europe,39.0,Southern Europe,39.0,Southern Europe
CONFIRMED,MKD,North Macedonia,0,0,0,0,0,0,0,0,0,0,0,0,0,0,0,0,0,0,0,0,0,0,0,0,0,0,0,0,0,0,0,0,0,0,0,1,1,1,1,1,1,1,1,1,3,3,3,3,7,7,7,14,14,14,18,26,35,48,67,85,115,136,2020-02-26,136,21,18.26,101,288.57,122,871.43,1.0,World,150.0,Europe,39.0,Southern Europe,39.0,Southern Europe
CONFIRMED,AND,Andorra,0,0,0,0,0,0,0,0,0,0,0,0,0,0,0,0,0,0,0,0,0,0,0,0,0,0,0,0,0,0,0,0,0,0,0,0,0,0,0,0,1,1,1,1,1,1,1,1,1,1,1,1,1,1,2,39,39,53,75,88,113,133,2020-03-02,133,20,17.7,94,241.03,132,13200.0,1.0,World,150.0,Europe,39.0,Southern Europe,39.0,Southern Europe
CONFIRMED,JOR,Jordan,0,0,0,0,0,0,0,0,0,0,0,0,0,0,0,0,0,0,0,0,0,0,0,0,0,0,0,0,0,0,0,0,0,0,0,0,0,0,0,0,0,1,1,1,1,1,1,1,1,1,1,1,1,8,17,34,52,69,85,85,112,127,2020-03-03,127,15,13.39,75,144.23,119,1487.5,1.0,World,142.0,Asia,145.0,Western Asia,145.0,Western Asia
CONFIRMED,VNM,Vietnam,0,2,2,2,2,2,2,2,2,2,6,6,8,8,8,10,10,13,13,14,15,15,16,16,16,16,16,16,16,16,16,16,16,16,16,16,16,16,16,16,16,16,16,16,16,18,30,30,31,38,39,47,53,56,61,66,75,85,91,94,113,123,2020-01-23,123,10,8.85,48,64.0,67,119.64,1.0,World,142.0,Asia,35.0,South-eastern Asia,35.0,South-eastern Asia
CONFIRMED,CYP,Cyprus,0,0,0,0,0,0,0,0,0,0,0,0,0,0,0,0,0,0,0,0,0,0,0,0,0,0,0,0,0,0,0,0,0,0,0,0,0,0,0,0,0,0,0,0,0,0,0,2,3,6,6,14,26,26,33,46,49,67,67,84,95,116,2020-03-09,116,21,22.11,67,136.73,90,346.15,1.0,World,142.0,Asia,145.0,Western Asia,145.0,Western Asia
CONFIRMED,MDA,Moldova,0,0,0,0,0,0,0,0,0,0,0,0,0,0,0,0,0,0,0,0,0,0,0,0,0,0,0,0,0,0,0,0,0,0,0,0,0,0,0,0,0,0,0,0,0,0,1,1,3,3,3,6,12,23,23,30,30,49,66,80,94,109,2020-03-08,109,15,15.96,79,263.33,86,373.91,1.0,World,150.0,Europe,151.0,Eastern Europe,151.0,Eastern Europe
CONFIRMED,MLT,Malta,0,0,0,0,0,0,0,0,0,0,0,0,0,0,0,0,0,0,0,0,0,0,0,0,0,0,0,0,0,0,0,0,0,0,0,0,0,0,0,0,0,0,0,0,0,3,3,3,5,6,6,12,18,21,30,38,38,53,64,73,90,107,2020-03-07,107,17,18.89,69,181.58,86,409.52,1.0,World,150.0,Europe,39.0,Southern Europe,39.0,Southern Europe
CONFIRMED,ALB,Albania,0,0,0,0,0,0,0,0,0,0,0,0,0,0,0,0,0,0,0,0,0,0,0,0,0,0,0,0,0,0,0,0,0,0,0,0,0,0,0,0,0,0,0,0,0,0,0,2,10,12,23,33,38,42,51,55,59,64,70,76,89,104,2020-03-09,104,15,16.85,45,76.27,62,147.62,1.0,World,150.0,Europe,39.0,Southern Europe,39.0,Southern Europe
CONFIRMED,NZL,New Zealand,0,0,0,0,0,0,0,0,0,0,0,0,0,0,0,0,0,0,0,0,0,0,0,0,0,0,0,0,0,0,0,0,0,0,0,0,0,1,1,1,1,1,3,3,4,5,5,5,5,5,5,5,6,8,8,12,20,28,39,52,102,102,2020-02-28,102,0,0.0,82,410.0,94,1175.0,1.0,World,9.0,Oceania,53.0,Australia and New Zealand,54.0,Melanesia
CONFIRMED,GNQ,Burkina Faso,0,0,0,0,0,0,0,0,0,0,0,0,0,0,0,0,0,0,0,0,0,0,0,0,0,0,0,0,0,0,0,0,0,0,0,0,0,0,0,0,0,0,0,0,0,0,0,0,1,2,2,2,2,3,15,15,20,33,40,64,75,99,2020-03-10,99,24,32.0,79,395.0,96,3200.0,1.0,World,2.0,Africa,202.0,Sub-Saharan Africa,17.0,Middle Africa
CONFIRMED,LKA,Sri Lanka,0,0,0,0,0,1,1,1,1,1,1,1,1,1,1,1,1,1,1,1,1,1,1,1,1,1,1,1,1,1,1,1,1,1,1,1,1,1,1,1,1,1,1,1,1,1,1,1,1,2,2,6,10,18,28,44,51,60,73,77,82,97,2020-01-27,97,15,18.29,46,90.2,79,438.89,1.0,World,142.0,Asia,34.0,Southern Asia,34.0,Southern Asia
CONFIRMED,BRN,Brunei,0,0,0,0,0,0,0,0,0,0,0,0,0,0,0,0,0,0,0,0,0,0,0,0,0,0,0,0,0,0,0,0,0,0,0,0,0,0,0,0,0,0,0,0,0,0,0,1,1,11,11,37,40,50,54,56,68,75,78,83,88,91,2020-03-09,91,3,3.41,23,33.82,41,82.0,1.0,World,142.0,Asia,35.0,South-eastern Asia,35.0,South-eastern Asia
CONFIRMED,TUN,Tunisia,0,0,0,0,0,0,0,0,0,0,0,0,0,0,0,0,0,0,0,0,0,0,0,0,0,0,0,0,0,0,0,0,0,0,0,0,0,0,0,0,0,0,1,1,1,1,2,2,5,7,7,16,18,18,20,24,29,39,54,60,75,89,2020-03-04,89,14,18.67,60,206.9,71,394.44,1.0,World,2.0,Africa,15.0,Northern Africa,15.0,Northern Africa
CONFIRMED,KHM,Cambodia,0,0,0,0,0,1,1,1,1,1,1,1,1,1,1,1,1,1,1,1,1,1,1,1,1,1,1,1,1,1,1,1,1,1,1,1,1,1,1,1,1,1,1,1,1,1,2,2,2,3,3,5,7,7,7,33,35,37,51,53,84,87,2020-01-27,87,3,3.57,52,148.57,80,1142.86,1.0,World,142.0,Asia,35.0,South-eastern Asia,35.0,South-eastern Asia
CONFIRMED,BLR,Belarus,0,0,0,0,0,0,0,0,0,0,0,0,0,0,0,0,0,0,0,0,0,0,0,0,0,0,0,0,0,0,0,0,0,0,0,0,0,1,1,1,1,1,6,6,6,6,6,6,9,9,12,27,27,27,36,36,51,51,69,76,76,81,2020-02-28,81,5,6.58,30,58.82,54,200.0,1.0,World,150.0,Europe,151.0,Eastern Europe,151.0,Eastern Europe
CONFIRMED,SEN,Senegal,0,0,0,0,0,0,0,0,0,0,0,0,0,0,0,0,0,0,0,0,0,0,0,0,0,0,0,0,0,0,0,0,0,0,0,0,0,0,0,0,1,2,4,4,4,4,4,4,4,4,4,10,10,24,24,26,31,31,38,47,67,79,2020-03-02,79,12,17.91,48,154.84,55,229.17,1.0,World,2.0,Africa,202.0,Sub-Saharan Africa,11.0,Western Africa
CONFIRMED,VEN,Venezuela,0,0,0,0,0,0,0,0,0,0,0,0,0,0,0,0,0,0,0,0,0,0,0,0,0,0,0,0,0,0,0,0,0,0,0,0,0,0,0,0,0,0,0,0,0,0,0,0,0,0,0,0,2,10,17,33,36,42,42,70,70,77,2020-03-14,77,7,10.0,41,113.89,67,670.0,1.0,World,19.0,Americas,419.0,Latin America and the Caribbean,5.0,South America
CONFIRMED,UKR,Ukraine,0,0,0,0,0,0,0,0,0,0,0,0,0,0,0,0,0,0,0,0,0,0,0,0,0,0,0,0,0,0,0,0,0,0,0,0,0,0,0,0,0,1,1,1,1,1,1,1,1,1,1,3,3,3,7,14,14,16,29,47,73,73,2020-03-03,73,0,0.0,59,421.43,70,2333.33,1.0,World,150.0,Europe,151.0,Eastern Europe,151.0,Eastern Europe
CONFIRMED,AZE,Azerbaijan,0,0,0,0,0,0,0,0,0,0,0,0,0,0,0,0,0,0,0,0,0,0,0,0,0,0,0,0,0,0,0,0,0,0,0,0,0,0,0,3,3,3,3,6,6,9,9,9,11,11,11,15,15,23,28,28,28,44,44,53,65,72,2020-03-01,72,7,10.77,44,157.14,49,213.04,1.0,World,142.0,Asia,145.0,Western Asia,145.0,Western Asia
CONFIRMED,OMN,Oman,0,0,0,0,0,0,0,0,0,0,0,0,0,0,0,0,0,0,0,0,0,0,0,0,0,0,0,0,0,0,0,0,0,2,2,4,4,4,6,6,6,12,15,16,16,16,16,16,18,18,18,19,19,22,22,24,39,48,48,52,55,66,2020-02-24,66,11,20.0,27,69.23,44,200.0,1.0,World,142.0,Asia,145.0,Western Asia,145.0,Western Asia
CONFIRMED,KAZ,Kazakhstan,0,0,0,0,0,0,0,0,0,0,0,0,0,0,0,0,0,0,0,0,0,0,0,0,0,0,0,0,0,0,0,0,0,0,0,0,0,0,0,0,0,0,0,0,0,0,0,0,0,0,0,4,6,9,10,33,35,44,49,53,60,62,2020-03-13,62,2,3.33,27,77.14,53,588.89,1.0,World,142.0,Asia,143.0,Central Asia,143.0,Central Asia
CONFIRMED,GEO,Georgia,0,0,0,0,0,0,0,0,0,0,0,0,0,0,0,0,0,0,0,0,0,0,0,0,0,0,0,0,0,0,0,0,0,0,0,1,1,1,1,3,3,3,3,4,4,4,13,15,15,24,24,25,30,33,33,34,38,40,43,49,54,61,2020-02-26,61,7,12.96,23,60.53,28,84.85,1.0,World,142.0,Asia,145.0,Western Asia,145.0,Western Asia
CONFIRMED,CMR,Cameroon,0,0,0,0,0,0,0,0,0,0,0,0,0,0,0,0,0,0,0,0,0,0,0,0,0,0,0,0,0,0,0,0,0,0,0,0,0,0,0,0,0,0,0,0,1,1,2,2,2,2,2,2,2,2,4,10,10,13,20,27,40,56,2020-03-06,56,16,40.0,46,460.0,54,2700.0,1.0,World,2.0,Africa,202.0,Sub-Saharan Africa,17.0,Middle Africa
CONFIRMED,LIE,Liechtenstein,0,0,0,0,0,0,0,0,0,0,0,0,0,0,0,0,0,0,0,0,0,0,0,0,0,0,0,0,0,0,0,0,0,0,0,0,0,0,0,0,0,0,1,1,1,1,1,1,1,1,1,1,4,4,4,7,28,28,28,37,37,51,2020-03-04,51,14,37.84,23,82.14,47,1175.0,1.0,World,150.0,Europe,155.0,Western Europe,155.0,Western Europe
CONFIRMED,TTO,Trinidad and Tobago,0,0,0,0,0,0,0,0,0,0,0,0,0,0,0,0,0,0,0,0,0,0,0,0,0,0,0,0,0,0,0,0,0,0,0,0,0,0,0,0,0,0,0,0,0,0,0,0,0,0,0,0,2,2,4,5,7,9,9,49,50,51,2020-03-14,51,1,2.0,44,628.57,49,2450.0,1.0,World,19.0,Americas,419.0,Latin America and the Caribbean,29.0,Caribbean
CONFIRMED,UZB,Uzbekistan,0,0,0,0,0,0,0,0,0,0,0,0,0,0,0,0,0,0,0,0,0,0,0,0,0,0,0,0,0,0,0,0,0,0,0,0,0,0,0,0,0,0,0,0,0,0,0,0,0,0,0,0,0,1,6,10,15,23,33,43,43,46,2020-03-15,46,3,6.98,31,206.67,45,4500.0,1.0,World,142.0,Asia,143.0,Central Asia,143.0,Central Asia
CONFIRMED,AFG,Afghanistan,0,0,0,0,0,0,0,0,0,0,0,0,0,0,0,0,0,0,0,0,0,0,0,0,0,0,0,0,0,0,0,0,0,1,1,1,1,1,1,1,1,1,1,1,1,1,4,4,5,7,7,7,11,16,21,22,22,22,24,24,40,40,2020-02-24,40,0,0.0,18,81.82,24,150.0,1.0,World,142.0,Asia,34.0,Southern Asia,34.0,Southern Asia
CONFIRMED,CUB,Cuba,0,0,0,0,0,0,0,0,0,0,0,0,0,0,0,0,0,0,0,0,0,0,0,0,0,0,0,0,0,0,0,0,0,0,0,0,0,0,0,0,0,0,0,0,0,0,0,0,0,0,3,4,4,4,4,5,7,11,16,21,35,40,2020-03-12,40,5,14.29,33,471.43,36,900.0,1.0,World,19.0,Americas,419.0,Latin America and the Caribbean,29.0,Caribbean
CONFIRMED,NGA,Nigeria,0,0,0,0,0,0,0,0,0,0,0,0,0,0,0,0,0,0,0,0,0,0,0,0,0,0,0,0,0,0,0,0,0,0,0,0,0,1,1,1,1,1,1,1,1,1,1,2,2,2,2,2,2,2,2,3,8,8,12,22,30,40,2020-02-28,40,10,33.33,32,400.0,38,1900.0,1.0,World,2.0,Africa,202.0,Sub-Saharan Africa,11.0,Western Africa
CONFIRMED,COG,Congo (Kinshasa),0,0,0,0,0,0,0,0,0,0,0,0,0,0,0,0,0,0,0,0,0,0,0,0,0,0,0,0,0,0,0,0,0,0,0,0,0,0,0,0,0,0,0,0,0,0,0,0,0,1,1,2,2,2,2,3,4,14,18,23,30,36,2020-03-11,36,6,20.0,32,800.0,34,1700.0,1.0,World,2.0,Africa,202.0,Sub-Saharan Africa,17.0,Middle Africa
CONFIRMED,MUS,Mauritius,0,0,0,0,0,0,0,0,0,0,0,0,0,0,0,0,0,0,0,0,0,0,0,0,0,0,0,0,0,0,0,0,0,0,0,0,0,0,0,0,0,0,0,0,0,0,0,0,0,0,0,0,0,0,0,0,3,3,12,14,28,36,2020-03-18,36,8,28.57,33,1100.0,36,3600,1.0,World,2.0,Africa,202.0,Sub-Saharan Africa,14.0,Eastern Africa
CONFIRMED,RWA,Rwanda,0,0,0,0,0,0,0,0,0,0,0,0,0,0,0,0,0,0,0,0,0,0,0,0,0,0,0,0,0,0,0,0,0,0,0,0,0,0,0,0,0,0,0,0,0,0,0,0,0,0,0,0,1,1,5,7,8,8,17,17,19,36,2020-03-14,36,17,89.47,28,350.0,35,3500.0,1.0,World,2.0,Africa,202.0,Sub-Saharan Africa,14.0,Eastern Africa
CONFIRMED,BGD,Bangladesh,0,0,0,0,0,0,0,0,0,0,0,0,0,0,0,0,0,0,0,0,0,0,0,0,0,0,0,0,0,0,0,0,0,0,0,0,0,0,0,0,0,0,0,0,0,0,3,3,3,3,3,3,3,5,8,10,14,17,20,25,27,33,2020-03-08,33,6,22.22,19,135.71,28,560.0,1.0,World,142.0,Asia,34.0,Southern Asia,34.0,Southern Asia
CONFIRMED,HND,Honduras,0,0,0,0,0,0,0,0,0,0,0,0,0,0,0,0,0,0,0,0,0,0,0,0,0,0,0,0,0,0,0,0,0,0,0,0,0,0,0,0,0,0,0,0,0,0,0,0,0,2,2,2,2,3,6,8,9,12,24,24,26,30,2020-03-11,30,4,15.38,21,233.33,27,900.0,1.0,World,19.0,Americas,419.0,Latin America and the Caribbean,13.0,Central America
CONFIRMED,BOL,Bolivia,0,0,0,0,0,0,0,0,0,0,0,0,0,0,0,0,0,0,0,0,0,0,0,0,0,0,0,0,0,0,0,0,0,0,0,0,0,0,0,0,0,0,0,0,0,0,0,0,0,2,2,3,10,10,11,11,12,12,15,19,24,27,2020-03-11,27,3,12.5,15,125.0,17,170.0,1.0,World,19.0,Americas,419.0,Latin America and the Caribbean,5.0,South America
CONFIRMED,GHA,Ghana,0,0,0,0,0,0,0,0,0,0,0,0,0,0,0,0,0,0,0,0,0,0,0,0,0,0,0,0,0,0,0,0,0,0,0,0,0,0,0,0,0,0,0,0,0,0,0,0,0,0,0,0,3,6,6,7,7,11,16,19,23,27,2020-03-14,27,4,17.39,20,285.71,21,350.0,1.0,World,2.0,Africa,202.0,Sub-Saharan Africa,11.0,Western Africa
CONFIRMED,MNE,Montenegro,0,0,0,0,0,0,0,0,0,0,0,0,0,0,0,0,0,0,0,0,0,0,0,0,0,0,0,0,0,0,0,0,0,0,0,0,0,0,0,0,0,0,0,0,0,0,0,0,0,0,0,0,0,0,0,2,2,3,14,14,21,27,2020-03-17,27,6,28.57,25,1250.0,27,2700,1.0,World,150.0,Europe,39.0,Southern Europe,39.0,Southern Europe
CONFIRMED,CIV,Ivory Coast,0,0,0,0,0,0,0,0,0,0,0,0,0,0,0,0,0,0,0,0,0,0,0,0,0,0,0,0,0,0,0,0,0,0,0,0,0,0,0,0,0,0,0,0,0,0,0,0,0,1,1,1,1,1,1,5,6,9,9,14,14,25,2020-03-11,25,11,78.57,19,316.67,24,2400.0,1.0,World,2.0,Africa,202.0,Sub-Saharan Africa,11.0,Western Africa
CONFIRMED,MCO,Monaco,0,0,0,0,0,0,0,0,0,0,0,0,0,0,0,0,0,0,0,0,0,0,0,0,0,0,0,0,0,0,0,0,0,0,0,0,0,0,1,1,1,1,1,1,1,1,1,1,1,1,2,2,2,2,7,7,7,7,11,11,23,23,2020-02-29,23,0,0.0,16,228.57,21,1050.0,1.0,World,150.0,Europe,155.0,Western Europe,155.0,Western Europe
CONFIRMED,PRY,Paraguay,0,0,0,0,0,0,0,0,0,0,0,0,0,0,0,0,0,0,0,0,0,0,0,0,0,0,0,0,0,0,0,0,0,0,0,0,0,0,0,0,0,0,0,0,0,0,1,1,1,5,5,6,6,6,8,9,11,11,13,18,22,22,2020-03-08,22,0,0.0,11,100.0,16,266.67,1.0,World,19.0,Americas,419.0,Latin America and the Caribbean,5.0,South America
CONFIRMED,GTM,Guatemala,0,0,0,0,0,0,0,0,0,0,0,0,0,0,0,0,0,0,0,0,0,0,0,0,0,0,0,0,0,0,0,0,0,0,0,0,0,0,0,0,0,0,0,0,0,0,0,0,0,0,0,0,1,1,2,6,6,9,12,17,19,20,2020-03-14,20,1,5.26,14,233.33,19,1900.0,1.0,World,19.0,Americas,419.0,Latin America and the Caribbean,13.0,Central America
CONFIRMED,GUY,Guyana,0,0,0,0,0,0,0,0,0,0,0,0,0,0,0,0,0,0,0,0,0,0,0,0,0,0,0,0,0,0,0,0,0,0,0,0,0,0,0,0,0,0,0,0,0,0,0,0,0,0,1,1,1,4,4,7,7,7,7,7,19,20,2020-03-12,20,1,5.26,13,185.71,16,400.0,1.0,World,19.0,Americas,419.0,Latin America and the Caribbean,5.0,South America
CONFIRMED,JAM,Jamaica,0,0,0,0,0,0,0,0,0,0,0,0,0,0,0,0,0,0,0,0,0,0,0,0,0,0,0,0,0,0,0,0,0,0,0,0,0,0,0,0,0,0,0,0,0,0,0,0,0,1,2,8,8,10,10,12,13,15,16,16,19,19,2020-03-11,19,0,0.0,6,46.15,9,90.0,1.0,World,19.0,Americas,419.0,Latin America and the Caribbean,29.0,Caribbean
CONFIRMED,TGO,Togo,0,0,0,0,0,0,0,0,0,0,0,0,0,0,0,0,0,0,0,0,0,0,0,0,0,0,0,0,0,0,0,0,0,0,0,0,0,0,0,0,0,0,0,0,1,1,1,1,1,1,1,1,1,1,1,1,1,1,9,16,16,18,2020-03-06,18,2,12.5,17,1700.0,17,1700.0,1.0,World,2.0,Africa,202.0,Sub-Saharan Africa,11.0,Western Africa
CONFIRMED,BRB,Barbados,0,0,0,0,0,0,0,0,0,0,0,0,0,0,0,0,0,0,0,0,0,0,0,0,0,0,0,0,0,0,0,0,0,0,0,0,0,0,0,0,0,0,0,0,0,0,0,0,0,0,0,0,0,0,0,2,2,5,5,6,14,17,2020-03-17,17,3,21.43,15,750.0,17,1700,1.0,World,19.0,Americas,419.0,Latin America and the Caribbean,29.0,Caribbean
CONFIRMED,KEN,Kenya,0,0,0,0,0,0,0,0,0,0,0,0,0,0,0,0,0,0,0,0,0,0,0,0,0,0,0,0,0,0,0,0,0,0,0,0,0,0,0,0,0,0,0,0,0,0,0,0,0,0,0,1,1,3,3,3,3,7,7,7,15,16,2020-03-13,16,1,6.67,13,433.33,13,433.33,1.0,World,2.0,Africa,202.0,Sub-Saharan Africa,14.0,Eastern Africa
CONFIRMED,KGZ,Kyrgyzstan,0,0,0,0,0,0,0,0,0,0,0,0,0,0,0,0,0,0,0,0,0,0,0,0,0,0,0,0,0,0,0,0,0,0,0,0,0,0,0,0,0,0,0,0,0,0,0,0,0,0,0,0,0,0,0,0,3,3,6,14,14,16,2020-03-18,16,2,14.29,13,433.33,16,1600,1.0,World,142.0,Asia,143.0,Central Asia,143.0,Central Asia
CONFIRMED,MDV,Maldives,0,0,0,0,0,0,0,0,0,0,0,0,0,0,0,0,0,0,0,0,0,0,0,0,0,0,0,0,0,0,0,0,0,0,0,0,0,0,0,0,0,0,0,0,0,0,4,4,6,8,8,9,10,13,13,13,13,13,13,13,13,13,2020-03-08,13,0,0.0,0,0.0,0,0.0,1.0,World,142.0,Asia,34.0,Southern Asia,34.0,Southern Asia
CONFIRMED,MDG,Madagascar,0,0,0,0,0,0,0,0,0,0,0,0,0,0,0,0,0,0,0,0,0,0,0,0,0,0,0,0,0,0,0,0,0,0,0,0,0,0,0,0,0,0,0,0,0,0,0,0,0,0,0,0,0,0,0,0,0,0,3,3,3,12,2020-03-20,12,9,300.0,12,1200,12,1200,1.0,World,2.0,Africa,202.0,Sub-Saharan Africa,14.0,Eastern Africa
CONFIRMED,TZA,Tanzania,0,0,0,0,0,0,0,0,0,0,0,0,0,0,0,0,0,0,0,0,0,0,0,0,0,0,0,0,0,0,0,0,0,0,0,0,0,0,0,0,0,0,0,0,0,0,0,0,0,0,0,0,0,0,1,1,3,6,6,6,12,12,2020-03-16,12,0,0.0,9,300.0,12,1200,1.0,World,2.0,Africa,202.0,Sub-Saharan Africa,14.0,Eastern Africa
CONFIRMED,ETH,Ethiopia,0,0,0,0,0,0,0,0,0,0,0,0,0,0,0,0,0,0,0,0,0,0,0,0,0,0,0,0,0,0,0,0,0,0,0,0,0,0,0,0,0,0,0,0,0,0,0,0,0,0,0,1,1,1,5,5,6,6,9,9,11,11,2020-03-13,11,0,0.0,5,83.33,10,1000.0,1.0,World,2.0,Africa,202.0,Sub-Saharan Africa,14.0,Eastern Africa
CONFIRMED,MNG,Mongolia,0,0,0,0,0,0,0,0,0,0,0,0,0,0,0,0,0,0,0,0,0,0,0,0,0,0,0,0,0,0,0,0,0,0,0,0,0,0,0,0,0,0,0,0,0,0,0,0,1,1,1,1,1,1,1,5,6,6,6,10,10,10,2020-03-10,10,0,0.0,4,66.67,9,900.0,1.0,World,142.0,Asia,30.0,Eastern Asia,30.0,Eastern Asia
CONFIRMED,GNQ,Equatorial Guinea,0,0,0,0,0,0,0,0,0,0,0,0,0,0,0,0,0,0,0,0,0,0,0,0,0,0,0,0,0,0,0,0,0,0,0,0,0,0,0,0,0,0,0,0,0,0,0,0,0,0,0,0,0,1,1,1,4,6,6,6,6,9,2020-03-15,9,3,50.0,5,125.0,8,800.0,1.0,World,2.0,Africa,202.0,Sub-Saharan Africa,17.0,Middle Africa
CONFIRMED,UGA,Uganda,0,0,0,0,0,0,0,0,0,0,0,0,0,0,0,0,0,0,0,0,0,0,0,0,0,0,0,0,0,0,0,0,0,0,0,0,0,0,0,0,0,0,0,0,0,0,0,0,0,0,0,0,0,0,0,0,0,0,0,1,1,9,2020-03-21,9,8,800.0,9,900,9,900,1.0,World,2.0,Africa,202.0,Sub-Saharan Africa,14.0,Eastern Africa
CONFIRMED,SYC,Seychelles,0,0,0,0,0,0,0,0,0,0,0,0,0,0,0,0,0,0,0,0,0,0,0,0,0,0,0,0,0,0,0,0,0,0,0,0,0,0,0,0,0,0,0,0,0,0,0,0,0,0,0,0,2,2,3,4,4,6,7,7,7,7,2020-03-14,7,0,0.0,3,75.0,5,250.0,1.0,World,2.0,Africa,202.0,Sub-Saharan Africa,14.0,Eastern Africa
CONFIRMED,HTI,Haiti,0,0,0,0,0,0,0,0,0,0,0,0,0,0,0,0,0,0,0,0,0,0,0,0,0,0,0,0,0,0,0,0,0,0,0,0,0,0,0,0,0,0,0,0,0,0,0,0,0,0,0,0,0,0,0,0,0,0,2,2,2,6,2020-03-20,6,4,200.0,6,600,6,600,1.0,World,19.0,Americas,419.0,Latin America and the Caribbean,29.0,Caribbean
CONFIRMED,BEN,Benin,0,0,0,0,0,0,0,0,0,0,0,0,0,0,0,0,0,0,0,0,0,0,0,0,0,0,0,0,0,0,0,0,0,0,0,0,0,0,0,0,0,0,0,0,0,0,0,0,0,0,0,0,0,0,1,1,2,2,2,2,2,5,2020-03-16,5,3,150.0,3,150.0,5,500,1.0,World,2.0,Africa,202.0,Sub-Saharan Africa,11.0,Western Africa
CONFIRMED,GAB,Gabon,0,0,0,0,0,0,0,0,0,0,0,0,0,0,0,0,0,0,0,0,0,0,0,0,0,0,0,0,0,0,0,0,0,0,0,0,0,0,0,0,0,0,0,0,0,0,0,0,0,0,0,0,1,1,1,1,1,1,3,4,5,5,2020-03-14,5,0,0.0,4,400.0,4,400.0,1.0,World,2.0,Africa,202.0,Sub-Saharan Africa,17.0,Middle Africa
CONFIRMED,SUR,Suriname,0,0,0,0,0,0,0,0,0,0,0,0,0,0,0,0,0,0,0,0,0,0,0,0,0,0,0,0,0,0,0,0,0,0,0,0,0,0,0,0,0,0,0,0,0,0,0,0,0,0,0,0,1,1,1,1,1,1,4,4,5,5,2020-03-14,5,0,0.0,4,400.0,4,400.0,1.0,World,19.0,Americas,419.0,Latin America and the Caribbean,5.0,South America
CONFIRMED,BHS,Bahamas,0,0,0,0,0,0,0,0,0,0,0,0,0,0,0,0,0,0,0,0,0,0,0,0,0,0,0,0,0,0,0,0,0,0,0,0,0,0,0,0,0,0,0,0,0,0,0,0,0,0,0,0,0,0,1,1,1,3,3,4,4,4,2020-03-16,4,0,0.0,3,300.0,4,400,1.0,World,19.0,Americas,419.0,Latin America and the Caribbean,29.0,Caribbean
CONFIRMED,COG,Congo (Brazzaville),0,0,0,0,0,0,0,0,0,0,0,0,0,0,0,0,0,0,0,0,0,0,0,0,0,0,0,0,0,0,0,0,0,0,0,0,0,0,0,0,0,0,0,0,0,0,0,0,0,0,0,0,0,1,1,1,1,3,3,3,3,4,2020-03-15,4,1,33.33,3,300.0,3,300.0,1.0,World,2.0,Africa,202.0,Sub-Saharan Africa,17.0,Middle Africa
CONFIRMED,GIN,Guinea,0,0,0,0,0,0,0,0,0,0,0,0,0,0,0,0,0,0,0,0,0,0,0,0,0,0,0,0,0,0,0,0,0,0,0,0,0,0,0,0,0,0,0,0,0,0,0,0,0,0,0,1,1,1,1,1,1,1,1,2,2,4,2020-03-13,4,2,100.0,3,300.0,3,300.0,1.0,World,2.0,Africa,202.0,Sub-Saharan Africa,11.0,Western Africa
CONFIRMED,NAM,Namibia,0,0,0,0,0,0,0,0,0,0,0,0,0,0,0,0,0,0,0,0,0,0,0,0,0,0,0,0,0,0,0,0,0,0,0,0,0,0,0,0,0,0,0,0,0,0,0,0,0,0,0,0,2,2,2,2,2,3,3,3,3,4,2020-03-14,4,1,33.33,2,100.0,2,100.0,1.0,World,2.0,Africa,202.0,Sub-Saharan Africa,18.0,Southern Africa
CONFIRMED,SWZ,Eswatini,0,0,0,0,0,0,0,0,0,0,0,0,0,0,0,0,0,0,0,0,0,0,0,0,0,0,0,0,0,0,0,0,0,0,0,0,0,0,0,0,0,0,0,0,0,0,0,0,0,0,0,0,1,1,1,1,1,1,1,1,4,4,2020-03-14,4,0,0.0,3,300.0,3,300.0,1.0,World,2.0,Africa,202.0,Sub-Saharan Africa,18.0,Southern Africa
CONFIRMED,AGO,Angola,0,0,0,0,0,0,0,0,0,0,0,0,0,0,0,0,0,0,0,0,0,0,0,0,0,0,0,0,0,0,0,0,0,0,0,0,0,0,0,0,0,0,0,0,0,0,0,0,0,0,0,0,0,0,0,0,0,0,1,2,2,3,2020-03-20,3,1,50.0,3,300,3,300,1.0,World,2.0,Africa,202.0,Sub-Saharan Africa,17.0,Middle Africa
CONFIRMED,ATG,Antigua and Barbuda,0,0,0,0,0,0,0,0,0,0,0,0,0,0,0,0,0,0,0,0,0,0,0,0,0,0,0,0,0,0,0,0,0,0,0,0,0,0,0,0,0,0,0,0,0,0,0,0,0,0,0,1,1,1,1,1,1,1,1,1,1,3,2020-03-13,3,2,200.0,2,200.0,2,200.0,1.0,World,19.0,Americas,419.0,Latin America and the Caribbean,29.0,Caribbean
CONFIRMED,CAF,Central African Republic,0,0,0,0,0,0,0,0,0,0,0,0,0,0,0,0,0,0,0,0,0,0,0,0,0,0,0,0,0,0,0,0,0,0,0,0,0,0,0,0,0,0,0,0,0,0,0,0,0,0,0,0,0,1,1,1,1,1,3,3,3,3,2020-03-15,3,0,0.0,2,200.0,2,200.0,1.0,World,2.0,Africa,202.0,Sub-Saharan Africa,17.0,Middle Africa
CONFIRMED,CPV,Cabo Verde,0,0,0,0,0,0,0,0,0,0,0,0,0,0,0,0,0,0,0,0,0,0,0,0,0,0,0,0,0,0,0,0,0,0,0,0,0,0,0,0,0,0,0,0,0,0,0,0,0,0,0,0,0,0,0,0,0,0,1,3,3,3,2020-03-20,3,0,0.0,3,300,3,300,1.0,World,2.0,Africa,202.0,Sub-Saharan Africa,11.0,Western Africa
CONFIRMED,DJI,Djibouti,0,0,0,0,0,0,0,0,0,0,0,0,0,0,0,0,0,0,0,0,0,0,0,0,0,0,0,0,0,0,0,0,0,0,0,0,0,0,0,0,0,0,0,0,0,0,0,0,0,0,0,0,0,0,0,0,1,1,1,1,1,3,2020-03-18,3,2,200.0,2,200.0,3,300,1.0,World,2.0,Africa,202.0,Sub-Saharan Africa,14.0,Eastern Africa
CONFIRMED,FJI,Fiji,0,0,0,0,0,0,0,0,0,0,0,0,0,0,0,0,0,0,0,0,0,0,0,0,0,0,0,0,0,0,0,0,0,0,0,0,0,0,0,0,0,0,0,0,0,0,0,0,0,0,0,0,0,0,0,0,0,1,1,1,2,3,2020-03-19,3,1,50.0,3,300,3,300,1.0,World,9.0,Oceania,54.0,Melanesia,54.0,Melanesia
CONFIRMED,LBR,Liberia,0,0,0,0,0,0,0,0,0,0,0,0,0,0,0,0,0,0,0,0,0,0,0,0,0,0,0,0,0,0,0,0,0,0,0,0,0,0,0,0,0,0,0,0,0,0,0,0,0,0,0,0,0,0,1,1,2,2,2,3,3,3,2020-03-16,3,0,0.0,1,50.0,3,300,1.0,World,2.0,Africa,202.0,Sub-Saharan Africa,11.0,Western Africa
CONFIRMED,LCA,Saint Lucia,0,0,0,0,0,0,0,0,0,0,0,0,0,0,0,0,0,0,0,0,0,0,0,0,0,0,0,0,0,0,0,0,0,0,0,0,0,0,0,0,0,0,0,0,0,0,0,0,0,0,0,0,1,2,2,2,2,2,2,2,2,3,2020-03-14,3,1,50.0,1,50.0,1,50.0,1.0,World,19.0,Americas,419.0,Latin America and the Caribbean,29.0,Caribbean
CONFIRMED,NER,Niger,0,0,0,0,0,0,0,0,0,0,0,0,0,0,0,0,0,0,0,0,0,0,0,0,0,0,0,0,0,0,0,0,0,0,0,0,0,0,0,0,0,0,0,0,0,0,0,0,0,0,0,0,0,0,0,0,0,0,1,1,2,3,2020-03-20,3,1,50.0,3,300,3,300,1.0,World,2.0,Africa,202.0,Sub-Saharan Africa,11.0,Western Africa
CONFIRMED,SLV,El Salvador,0,0,0,0,0,0,0,0,0,0,0,0,0,0,0,0,0,0,0,0,0,0,0,0,0,0,0,0,0,0,0,0,0,0,0,0,0,0,0,0,0,0,0,0,0,0,0,0,0,0,0,0,0,0,0,0,0,1,1,3,3,3,2020-03-19,3,0,0.0,3,300,3,300,1.0,World,19.0,Americas,419.0,Latin America and the Caribbean,13.0,Central America
CONFIRMED,ZMB,Zambia,0,0,0,0,0,0,0,0,0,0,0,0,0,0,0,0,0,0,0,0,0,0,0,0,0,0,0,0,0,0,0,0,0,0,0,0,0,0,0,0,0,0,0,0,0,0,0,0,0,0,0,0,0,0,0,0,2,2,2,2,3,3,2020-03-18,3,0,0.0,1,50.0,3,300,1.0,World,2.0,Africa,202.0,Sub-Saharan Africa,14.0,Eastern Africa
CONFIRMED,ZWE,Zimbabwe,0,0,0,0,0,0,0,0,0,0,0,0,0,0,0,0,0,0,0,0,0,0,0,0,0,0,0,0,0,0,0,0,0,0,0,0,0,0,0,0,0,0,0,0,0,0,0,0,0,0,0,0,0,0,0,0,0,0,1,3,3,3,2020-03-20,3,0,0.0,3,300,3,300,1.0,World,2.0,Africa,202.0,Sub-Saharan Africa,14.0,Eastern Africa
CONFIRMED,BTN,Bhutan,0,0,0,0,0,0,0,0,0,0,0,0,0,0,0,0,0,0,0,0,0,0,0,0,0,0,0,0,0,0,0,0,0,0,0,0,0,0,0,0,0,0,0,0,1,1,1,1,1,1,1,1,1,1,1,1,1,1,2,2,2,2,2020-03-06,2,0,0.0,1,100.0,1,100.0,1.0,World,142.0,Asia,34.0,Southern Asia,34.0,Southern Asia
CONFIRMED,DMA,Dominica,0,0,0,0,0,0,0,0,0,0,0,0,0,0,0,0,0,0,0,0,0,0,0,0,0,0,0,0,0,0,0,0,0,0,0,0,0,0,0,0,0,0,0,0,0,0,0,0,0,0,0,0,0,0,0,0,0,0,0,0,1,2,2020-03-22,2,1,100.0,2,200,2,200,1.0,World,19.0,Americas,419.0,Latin America and the Caribbean,29.0,Caribbean
CONFIRMED,GMB,Gambia,0,0,0,0,0,0,0,0,0,0,0,0,0,0,0,0,0,0,0,0,0,0,0,0,0,0,0,0,0,0,0,0,0,0,0,0,0,0,0,0,0,0,0,0,0,0,0,0,0,0,0,0,0,0,0,1,1,1,1,1,1,2,2020-03-17,2,1,100.0,1,100.0,2,200,1.0,World,2.0,Africa,202.0,Sub-Saharan Africa,11.0,Western Africa
CONFIRMED,MRT,Mauritania,0,0,0,0,0,0,0,0,0,0,0,0,0,0,0,0,0,0,0,0,0,0,0,0,0,0,0,0,0,0,0,0,0,0,0,0,0,0,0,0,0,0,0,0,0,0,0,0,0,0,0,0,1,1,1,1,1,2,2,2,2,2,2020-03-14,2,0,0.0,1,100.0,1,100.0,1.0,World,2.0,Africa,202.0,Sub-Saharan Africa,11.0,Western Africa
CONFIRMED,NIC,Nicaragua,0,0,0,0,0,0,0,0,0,0,0,0,0,0,0,0,0,0,0,0,0,0,0,0,0,0,0,0,0,0,0,0,0,0,0,0,0,0,0,0,0,0,0,0,0,0,0,0,0,0,0,0,0,0,0,0,0,1,1,2,2,2,2020-03-19,2,0,0.0,2,200,2,200,1.0,World,19.0,Americas,419.0,Latin America and the Caribbean,13.0,Central America
CONFIRMED,NPL,Nepal,0,0,0,1,1,1,1,1,1,1,1,1,1,1,1,1,1,1,1,1,1,1,1,1,1,1,1,1,1,1,1,1,1,1,1,1,1,1,1,1,1,1,1,1,1,1,1,1,1,1,1,1,1,1,1,1,1,1,1,1,1,2,2020-01-25,2,1,100.0,1,100.0,1,100.0,1.0,World,142.0,Asia,34.0,Southern Asia,34.0,Southern Asia
CONFIRMED,SDN,Sudan,0,0,0,0,0,0,0,0,0,0,0,0,0,0,0,0,0,0,0,0,0,0,0,0,0,0,0,0,0,0,0,0,0,0,0,0,0,0,0,0,0,0,0,0,0,0,0,0,0,0,0,1,1,1,1,1,2,2,2,2,2,2,2020-03-13,2,0,0.0,0,0.0,1,100.0,1.0,World,2.0,Africa,15.0,Northern Africa,15.0,Northern Africa
CONFIRMED,BLZ,Belize,0,0,0,0,0,0,0,0,0,0,0,0,0,0,0,0,0,0,0,0,0,0,0,0,0,0,0,0,0,0,0,0,0,0,0,0,0,0,0,0,0,0,0,0,0,0,0,0,0,0,0,0,0,0,0,0,0,0,0,0,0,1,2020-03-23,1,1,100,1,100,1,100,1.0,World,19.0,Americas,419.0,Latin America and the Caribbean,13.0,Central America
CONFIRMED,ERI,Eritrea,0,0,0,0,0,0,0,0,0,0,0,0,0,0,0,0,0,0,0,0,0,0,0,0,0,0,0,0,0,0,0,0,0,0,0,0,0,0,0,0,0,0,0,0,0,0,0,0,0,0,0,0,0,0,0,0,0,0,0,1,1,1,2020-03-21,1,0,0.0,1,100,1,100,1.0,World,2.0,Africa,202.0,Sub-Saharan Africa,14.0,Eastern Africa
CONFIRMED,GRD,Grenada,0,0,0,0,0,0,0,0,0,0,0,0,0,0,0,0,0,0,0,0,0,0,0,0,0,0,0,0,0,0,0,0,0,0,0,0,0,0,0,0,0,0,0,0,0,0,0,0,0,0,0,0,0,0,0,0,0,0,0,0,1,1,2020-03-22,1,0,0.0,1,100,1,100,1.0,World,19.0,Americas,419.0,Latin America and the Caribbean,29.0,Caribbean
CONFIRMED,MOZ,Mozambique,0,0,0,0,0,0,0,0,0,0,0,0,0,0,0,0,0,0,0,0,0,0,0,0,0,0,0,0,0,0,0,0,0,0,0,0,0,0,0,0,0,0,0,0,0,0,0,0,0,0,0,0,0,0,0,0,0,0,0,0,1,1,2020-03-22,1,0,0.0,1,100,1,100,1.0,World,2.0,Africa,202.0,Sub-Saharan Africa,14.0,Eastern Africa
CONFIRMED,PNG,Papua New Guinea,0,0,0,0,0,0,0,0,0,0,0,0,0,0,0,0,0,0,0,0,0,0,0,0,0,0,0,0,0,0,0,0,0,0,0,0,0,0,0,0,0,0,0,0,0,0,0,0,0,0,0,0,0,0,0,0,0,0,1,1,1,1,2020-03-20,1,0,0.0,1,100,1,100,1.0,World,9.0,Oceania,54.0,Melanesia,57.0,Micronesia
CONFIRMED,SOM,Somalia,0,0,0,0,0,0,0,0,0,0,0,0,0,0,0,0,0,0,0,0,0,0,0,0,0,0,0,0,0,0,0,0,0,0,0,0,0,0,0,0,0,0,0,0,0,0,0,0,0,0,0,0,0,0,1,1,1,1,1,1,1,1,2020-03-16,1,0,0.0,0,0.0,1,100,1.0,World,2.0,Africa,202.0,Sub-Saharan Africa,14.0,Eastern Africa
CONFIRMED,SYR,Syria,0,0,0,0,0,0,0,0,0,0,0,0,0,0,0,0,0,0,0,0,0,0,0,0,0,0,0,0,0,0,0,0,0,0,0,0,0,0,0,0,0,0,0,0,0,0,0,0,0,0,0,0,0,0,0,0,0,0,0,0,1,1,2020-03-22,1,0,0.0,1,100,1,100,1.0,World,142.0,Asia,145.0,Western Asia,145.0,Western Asia
CONFIRMED,TCD,Chad,0,0,0,0,0,0,0,0,0,0,0,0,0,0,0,0,0,0,0,0,0,0,0,0,0,0,0,0,0,0,0,0,0,0,0,0,0,0,0,0,0,0,0,0,0,0,0,0,0,0,0,0,0,0,0,0,0,1,1,1,1,1,2020-03-19,1,0,0.0,1,100,1,100,1.0,World,2.0,Africa,202.0,Sub-Saharan Africa,17.0,Middle Africa
CONFIRMED,TLS,East Timor,0,0,0,0,0,0,0,0,0,0,0,0,0,0,0,0,0,0,0,0,0,0,0,0,0,0,0,0,0,0,0,0,0,0,0,0,0,0,0,0,0,0,0,0,0,0,0,0,0,0,0,0,0,0,0,0,0,0,0,0,1,1,2020-03-22,1,0,0.0,1,100,1,100,1.0,World,142.0,Asia,35.0,South-eastern Asia,35.0,South-eastern Asia
CONFIRMED,VAT,Vatican City,0,0,0,0,0,0,0,0,0,0,0,0,0,0,0,0,0,0,0,0,0,0,0,0,0,0,0,0,0,0,0,0,0,0,0,0,0,0,0,0,0,0,0,0,1,1,1,1,1,1,1,1,1,1,1,1,1,1,1,1,1,1,2020-03-06,1,0,0.0,0,0.0,0,0.0,1.0,World,150.0,Europe,39.0,Southern Europe,39.0,Southern Europe
CONFIRMED,VCT,Saint Vincent and the Grenadines,0,0,0,0,0,0,0,0,0,0,0,0,0,0,0,0,0,0,0,0,0,0,0,0,0,0,0,0,0,0,0,0,0,0,0,0,0,0,0,0,0,0,0,0,0,0,0,0,0,0,0,0,1,1,1,1,1,1,1,1,1,1,2020-03-14,1,0,0.0,0,0.0,0,0.0,1.0,World,19.0,Americas,419.0,Latin America and the Caribbean,29.0,Caribbean
DEATHS,ITA,Italy,0,0,0,0,0,0,0,0,0,0,0,0,0,0,0,0,0,0,0,0,0,0,0,0,0,0,0,0,0,0,1,2,3,7,10,12,17,21,29,34,52,79,107,148,197,233,366,463,631,827,827,1266,1441,1809,2158,2503,2978,3405,4032,4825,5476,6077,2020-02-21,6077,601,10.98,3099,104.06,4268,235.93,1.0,World,150.0,Europe,39.0,Southern Europe,39.0,Southern Europe
DEATHS,CHN,China,17,18,26,42,56,82,131,133,171,213,259,361,425,491,563,633,718,805,905,1012,1112,1117,1369,1521,1663,1766,1864,2003,2116,2238,2238,2443,2445,2595,2665,2717,2746,2790,2837,2872,2914,2947,2983,3015,3044,3072,3100,3123,3139,3161,3172,3180,3193,3203,3217,3230,3241,3249,3253,3259,3274,3274,2020-01-22,3274,0,0.0,33,1.02,71,2.22,1.0,World,142.0,Asia,30.0,Eastern Asia,30.0,Eastern Asia
DEATHS,ESP,Spain,0,0,0,0,0,0,0,0,0,0,0,0,0,0,0,0,0,0,0,0,0,0,0,0,0,0,0,0,0,0,0,0,0,0,0,0,0,0,0,0,0,1,2,3,5,10,17,28,35,54,55,133,195,289,342,533,623,830,1043,1375,1772,2311,2020-03-03,2311,539,30.42,1688,270.95,2022,699.65,1.0,World,150.0,Europe,39.0,Southern Europe,155.0,Western Europe
DEATHS,IRN,Iran,0,0,0,0,0,0,0,0,0,0,0,0,0,0,0,0,0,0,0,0,0,0,0,0,0,0,0,0,2,2,4,5,8,12,16,19,26,34,43,54,66,77,92,107,124,145,194,237,291,354,429,514,611,724,853,988,1135,1284,1433,1556,1685,1812,2020-02-19,1812,127,7.54,677,59.65,1088,150.28,1.0,World,142.0,Asia,34.0,Southern Asia,34.0,Southern Asia
DEATHS,FRA,France,0,0,0,0,0,0,0,0,0,0,0,0,0,0,0,0,0,0,0,0,0,0,0,0,1,1,1,1,1,1,1,1,1,1,1,2,2,2,2,2,3,4,4,6,9,11,19,19,33,48,48,79,91,91,149,149,149,244,451,563,676,862,2020-02-15,862,186,27.51,713,478.52,771,847.25,1.0,World,150.0,Europe,155.0,Western Europe,155.0,Western Europe
DEATHS,USA,US,0,0,0,0,0,0,0,0,0,0,0,0,0,0,0,0,0,0,0,0,0,0,0,0,0,0,0,0,0,0,0,0,0,0,0,0,0,0,1,1,6,7,11,12,14,17,21,22,28,36,40,47,54,63,85,108,118,200,244,307,417,557,2020-02-29,557,140,33.57,439,372.03,494,784.13,1.0,World,19.0,Americas,21.0,Northern America,21.0,Northern America
DEATHS,GBR,United Kingdom,0,0,0,0,0,0,0,0,0,0,0,0,0,0,0,0,0,0,0,0,0,0,0,0,0,0,0,0,0,0,0,0,0,0,0,0,0,0,0,0,0,0,0,1,2,2,3,4,6,8,8,8,21,21,56,56,72,138,178,234,282,336,2020-03-05,336,54,19.15,264,366.67,315,1500.0,1.0,World,150.0,Europe,154.0,Northern Europe,39.0,Southern Europe
DEATHS,NLD,Netherlands,0,0,0,0,0,0,0,0,0,0,0,0,0,0,0,0,0,0,0,0,0,0,0,0,0,0,0,0,0,0,0,0,0,0,0,0,0,0,0,0,0,0,0,0,1,1,3,3,4,5,5,10,12,20,24,43,58,77,107,137,180,214,2020-03-06,214,34,18.89,156,268.97,194,970.0,1.0,World,150.0,Europe,155.0,Western Europe,155.0,Western Europe
DEATHS,DEU,Germany,0,0,0,0,0,0,0,0,0,0,0,0,0,0,0,0,0,0,0,0,0,0,0,0,0,0,0,0,0,0,0,0,0,0,0,0,0,0,0,0,0,0,0,0,0,0,0,2,2,3,3,7,9,11,17,24,28,44,67,84,94,123,2020-03-09,123,29,30.85,95,339.29,112,1018.18,1.0,World,150.0,Europe,155.0,Western Europe,155.0,Western Europe
DEATHS,CHE,Switzerland,0,0,0,0,0,0,0,0,0,0,0,0,0,0,0,0,0,0,0,0,0,0,0,0,0,0,0,0,0,0,0,0,0,0,0,0,0,0,0,0,0,0,0,1,1,1,2,2,3,4,4,11,13,14,14,27,28,41,54,75,98,120,2020-03-05,120,22,22.45,92,328.57,106,757.14,1.0,World,150.0,Europe,155.0,Western Europe,155.0,Western Europe
DEATHS,KOR,South Korea,0,0,0,0,0,0,0,0,0,0,0,0,0,0,0,0,0,0,0,0,0,0,0,0,0,0,0,0,0,1,2,2,6,8,10,12,13,13,16,17,28,28,35,35,42,44,50,53,54,60,66,66,72,75,75,81,84,91,94,102,111,111,2020-02-20,111,0,0.0,27,32.14,36,48.0,1.0,World,142.0,Asia,30.0,Eastern Asia,30.0,Eastern Asia
DEATHS,BEL,Belgium,0,0,0,0,0,0,0,0,0,0,0,0,0,0,0,0,0,0,0,0,0,0,0,0,0,0,0,0,0,0,0,0,0,0,0,0,0,0,0,0,0,0,0,0,0,0,0,0,0,3,3,3,4,4,5,10,14,21,37,67,75,88,2020-03-11,88,13,17.33,74,528.57,84,2100.0,1.0,World,150.0,Europe,155.0,Western Europe,155.0,Western Europe
DEATHS,IDN,Indonesia,0,0,0,0,0,0,0,0,0,0,0,0,0,0,0,0,0,0,0,0,0,0,0,0,0,0,0,0,0,0,0,0,0,0,0,0,0,0,0,0,0,0,0,0,0,0,0,0,0,1,1,4,5,5,5,5,19,25,32,38,48,49,2020-03-11,49,1,2.08,30,157.89,44,880.0,1.0,World,142.0,Asia,35.0,South-eastern Asia,35.0,South-eastern Asia
DEATHS,JPN,Japan,0,0,0,0,0,0,0,0,0,0,0,0,0,0,0,0,0,0,0,0,0,0,1,1,1,1,1,1,1,1,1,1,1,1,1,2,4,4,5,6,6,6,6,6,6,6,6,10,10,15,16,19,22,22,27,29,29,29,33,35,41,42,2020-02-13,42,1,2.44,13,44.83,20,90.91,1.0,World,142.0,Asia,30.0,Eastern Asia,30.0,Eastern Asia
DEATHS,TUR,Turkey,0,0,0,0,0,0,0,0,0,0,0,0,0,0,0,0,0,0,0,0,0,0,0,0,0,0,0,0,0,0,0,0,0,0,0,0,0,0,0,0,0,0,0,0,0,0,0,0,0,0,0,0,0,0,0,1,1,3,4,9,30,37,2020-03-17,37,7,23.33,36,3600.0,37,3700,1.0,World,142.0,Asia,145.0,Western Asia,145.0,Western Asia
DEATHS,BRA,Brazil,0,0,0,0,0,0,0,0,0,0,0,0,0,0,0,0,0,0,0,0,0,0,0,0,0,0,0,0,0,0,0,0,0,0,0,0,0,0,0,0,0,0,0,0,0,0,0,0,0,0,0,0,0,0,0,1,3,6,11,15,25,34,2020-03-17,34,9,36.0,31,1033.33,34,3400,1.0,World,19.0,Americas,419.0,Latin America and the Caribbean,5.0,South America
DEATHS,PHL,Philippines,0,0,0,0,0,0,0,0,0,0,0,1,1,1,1,1,1,1,1,1,1,1,1,1,1,1,1,1,1,1,1,1,1,1,1,1,1,1,1,1,1,1,1,1,1,1,1,1,1,1,2,5,8,11,12,12,19,17,18,19,25,33,2020-02-02,33,8,32.0,14,73.68,22,200.0,1.0,World,142.0,Asia,35.0,South-eastern Asia,35.0,South-eastern Asia
DEATHS,CAN,Canada,0,0,0,0,0,0,0,0,0,0,0,0,0,0,0,0,0,0,0,0,0,0,0,0,0,0,0,0,0,0,0,0,0,0,0,0,0,0,0,0,0,0,0,0,0,0,0,1,1,1,1,1,1,1,4,5,8,9,12,19,21,25,2020-03-09,25,4,19.05,17,212.5,24,2400.0,1.0,World,19.0,Americas,21.0,Northern America,21.0,Northern America
DEATHS,SWE,Sweden,0,0,0,0,0,0,0,0,0,0,0,0,0,0,0,0,0,0,0,0,0,0,0,0,0,0,0,0,0,0,0,0,0,0,0,0,0,0,0,0,0,0,0,0,0,0,0,0,0,1,1,1,2,3,6,7,10,11,16,20,21,25,2020-03-11,25,4,19.05,15,150.0,22,733.33,1.0,World,150.0,Europe,154.0,Northern Europe,39.0,Southern Europe
DEATHS,DNK,Denmark,0,0,0,0,0,0,0,0,0,0,0,0,0,0,0,0,0,0,0,0,0,0,0,0,0,0,0,0,0,0,0,0,0,0,0,0,0,0,0,0,0,0,0,0,0,0,0,0,0,0,0,0,1,2,3,4,4,6,9,13,13,24,2020-03-14,24,11,84.62,20,500.0,22,1100.0,1.0,World,150.0,Europe,154.0,Northern Europe,154.0,Northern Europe
DEATHS,IRQ,Iraq,0,0,0,0,0,0,0,0,0,0,0,0,0,0,0,0,0,0,0,0,0,0,0,0,0,0,0,0,0,0,0,0,0,0,0,0,0,0,0,0,0,0,2,2,3,4,6,6,7,7,8,9,10,10,10,11,12,13,17,17,20,23,2020-03-04,23,3,15.0,11,91.67,13,130.0,1.0,World,142.0,Asia,145.0,Western Asia,145.0,Western Asia
DEATHS,PRT,Portugal,0,0,0,0,0,0,0,0,0,0,0,0,0,0,0,0,0,0,0,0,0,0,0,0,0,0,0,0,0,0,0,0,0,0,0,0,0,0,0,0,0,0,0,0,0,0,0,0,0,0,0,0,0,0,0,1,2,3,6,12,14,23,2020-03-17,23,9,64.29,21,1050.0,23,2300,1.0,World,150.0,Europe,39.0,Southern Europe,39.0,Southern Europe
DEATHS,AUT,Austria,0,0,0,0,0,0,0,0,0,0,0,0,0,0,0,0,0,0,0,0,0,0,0,0,0,0,0,0,0,0,0,0,0,0,0,0,0,0,0,0,0,0,0,0,0,0,0,0,0,0,1,1,1,1,3,3,4,6,6,8,16,21,2020-03-12,21,5,31.25,17,425.0,20,2000.0,1.0,World,150.0,Europe,155.0,Western Europe,155.0,Western Europe
DEATHS,SMR,San Marino,0,0,0,0,0,0,0,0,0,0,0,0,0,0,0,0,0,0,0,0,0,0,0,0,0,0,0,0,0,0,0,0,0,0,0,0,0,0,0,0,0,1,1,1,1,1,1,1,2,2,3,5,5,5,7,7,11,11,14,20,20,20,2020-03-03,20,0,0.0,9,81.82,15,300.0,1.0,World,150.0,Europe,39.0,Southern Europe,39.0,Southern Europe
DEATHS,EGY,Egypt,0,0,0,0,0,0,0,0,0,0,0,0,0,0,0,0,0,0,0,0,0,0,0,0,0,0,0,0,0,0,0,0,0,0,0,0,0,0,0,0,0,0,0,0,0,0,1,1,1,1,1,2,2,2,2,4,6,6,8,10,14,19,2020-03-08,19,5,35.71,13,216.67,17,850.0,1.0,World,2.0,Africa,15.0,Northern Africa,15.0,Northern Africa
DEATHS,ECU,Ecuador,0,0,0,0,0,0,0,0,0,0,0,0,0,0,0,0,0,0,0,0,0,0,0,0,0,0,0,0,0,0,0,0,0,0,0,0,0,0,0,0,0,0,0,0,0,0,0,0,0,0,0,0,2,2,2,2,2,3,5,7,14,18,2020-03-14,18,4,28.57,16,800.0,16,800.0,1.0,World,19.0,Americas,419.0,Latin America and the Caribbean,5.0,South America
DEATHS,DZA,Algeria,0,0,0,0,0,0,0,0,0,0,0,0,0,0,0,0,0,0,0,0,0,0,0,0,0,0,0,0,0,0,0,0,0,0,0,0,0,0,0,0,0,0,0,0,0,0,0,0,0,0,1,2,3,4,4,4,7,9,11,15,17,17,2020-03-12,17,0,0.0,10,142.86,13,325.0,1.0,World,2.0,Africa,15.0,Northern Africa,15.0,Northern Africa
DEATHS,GRC,Greece,0,0,0,0,0,0,0,0,0,0,0,0,0,0,0,0,0,0,0,0,0,0,0,0,0,0,0,0,0,0,0,0,0,0,0,0,0,0,0,0,0,0,0,0,0,0,0,0,0,1,1,1,3,4,4,5,5,6,6,13,15,17,2020-03-11,17,2,13.33,12,240.0,13,325.0,1.0,World,150.0,Europe,39.0,Southern Europe,39.0,Southern Europe
DEATHS,MYS,Malaysia,0,0,0,0,0,0,0,0,0,0,0,0,0,0,0,0,0,0,0,0,0,0,0,0,0,0,0,0,0,0,0,0,0,0,0,0,0,0,0,0,0,0,0,0,0,0,0,0,0,0,0,0,0,0,0,2,2,2,3,4,10,14,2020-03-17,14,4,40.0,12,600.0,14,1400,1.0,World,142.0,Asia,35.0,South-eastern Asia,35.0,South-eastern Asia
DEATHS,IND,India,0,0,0,0,0,0,0,0,0,0,0,0,0,0,0,0,0,0,0,0,0,0,0,0,0,0,0,0,0,0,0,0,0,0,0,0,0,0,0,0,0,0,0,0,0,0,0,0,0,1,1,2,2,2,2,3,3,4,5,4,7,10,2020-03-11,10,3,42.86,7,233.33,8,400.0,1.0,World,142.0,Asia,34.0,Southern Asia,34.0,Southern Asia
DEATHS,NOR,Norway,0,0,0,0,0,0,0,0,0,0,0,0,0,0,0,0,0,0,0,0,0,0,0,0,0,0,0,0,0,0,0,0,0,0,0,0,0,0,0,0,0,0,0,0,0,0,0,0,0,0,0,0,3,3,3,3,6,7,7,7,7,10,2020-03-14,10,3,42.86,4,66.67,7,233.33,1.0,World,150.0,Europe,154.0,Northern Europe,154.0,Northern Europe
DEATHS,LUX,Luxembourg,0,0,0,0,0,0,0,0,0,0,0,0,0,0,0,0,0,0,0,0,0,0,0,0,0,0,0,0,0,0,0,0,0,0,0,0,0,0,0,0,0,0,0,0,0,0,0,0,0,0,0,0,1,1,1,1,2,4,4,8,8,8,2020-03-14,8,0,0.0,6,300.0,7,700.0,1.0,World,150.0,Europe,155.0,Western Europe,155.0,Western Europe
DEATHS,POL,Poland,0,0,0,0,0,0,0,0,0,0,0,0,0,0,0,0,0,0,0,0,0,0,0,0,0,0,0,0,0,0,0,0,0,0,0,0,0,0,0,0,0,0,0,0,0,0,0,0,0,0,1,2,3,3,4,5,5,5,5,5,7,8,2020-03-12,8,1,14.29,3,60.0,5,166.67,1.0,World,150.0,Europe,151.0,Eastern Europe,151.0,Eastern Europe
DEATHS,XX,Others,0,0,0,0,0,0,0,0,0,0,0,0,0,0,0,0,0,0,0,0,0,0,0,0,0,0,0,0,0,2,2,2,3,3,3,4,4,6,6,6,6,6,6,6,6,6,6,6,6,7,7,7,7,7,7,7,7,7,7,8,8,8,2020-02-20,8,0,0.0,1,14.29,1,14.29,,,,,,,,
DEATHS,AUS,Australia,0,0,0,0,0,0,0,0,0,0,0,0,0,0,0,0,0,0,0,0,0,0,0,0,0,0,0,0,0,0,0,0,0,0,0,0,0,0,0,1,1,1,2,2,2,2,3,3,3,3,3,3,3,3,3,5,6,6,7,7,7,7,2020-03-01,7,0,0.0,1,16.67,4,133.33,1.0,World,9.0,Oceania,53.0,Australia and New Zealand,53.0,Australia and New Zealand
DEATHS,HUN,Hungary,0,0,0,0,0,0,0,0,0,0,0,0,0,0,0,0,0,0,0,0,0,0,0,0,0,0,0,0,0,0,0,0,0,0,0,0,0,0,0,0,0,0,0,0,0,0,0,0,0,0,0,0,0,1,1,1,1,1,3,4,6,7,2020-03-15,7,1,16.67,6,600.0,6,600.0,1.0,World,150.0,Europe,151.0,Eastern Europe,151.0,Eastern Europe
DEATHS,ROU,Romania,0,0,0,0,0,0,0,0,0,0,0,0,0,0,0,0,0,0,0,0,0,0,0,0,0,0,0,0,0,0,0,0,0,0,0,0,0,0,0,0,0,0,0,0,0,0,0,0,0,0,0,0,0,0,0,0,0,0,0,0,3,7,2020-03-22,7,4,133.33,7,700,7,700,1.0,World,150.0,Europe,151.0,Eastern Europe,151.0,Eastern Europe
DEATHS,IRL,Ireland,0,0,0,0,0,0,0,0,0,0,0,0,0,0,0,0,0,0,0,0,0,0,0,0,0,0,0,0,0,0,0,0,0,0,0,0,0,0,0,0,0,0,0,0,0,0,0,0,0,1,1,1,2,2,2,2,2,3,3,3,4,6,2020-03-11,6,2,50.0,4,200.0,4,200.0,1.0,World,150.0,Europe,154.0,Northern Europe,154.0,Northern Europe
DEATHS,PAK,Pakistan,0,0,0,0,0,0,0,0,0,0,0,0,0,0,0,0,0,0,0,0,0,0,0,0,0,0,0,0,0,0,0,0,0,0,0,0,0,0,0,0,0,0,0,0,0,0,0,0,0,0,0,0,0,0,0,0,0,2,3,3,5,6,2020-03-19,6,1,20.0,6,600,6,600,1.0,World,142.0,Asia,34.0,Southern Asia,34.0,Southern Asia
DEATHS,PAN,Panama,0,0,0,0,0,0,0,0,0,0,0,0,0,0,0,0,0,0,0,0,0,0,0,0,0,0,0,0,0,0,0,0,0,0,0,0,0,0,0,0,0,0,0,0,0,0,0,0,0,1,1,1,1,1,1,1,1,1,1,1,3,6,2020-03-11,6,3,100.0,5,500.0,5,500.0,1.0,World,19.0,Americas,419.0,Latin America and the Caribbean,13.0,Central America
DEATHS,PER,Peru,0,0,0,0,0,0,0,0,0,0,0,0,0,0,0,0,0,0,0,0,0,0,0,0,0,0,0,0,0,0,0,0,0,0,0,0,0,0,0,0,0,0,0,0,0,0,0,0,0,0,0,0,0,0,0,0,0,0,3,5,5,5,2020-03-20,5,0,0.0,5,500,5,500,1.0,World,19.0,Americas,419.0,Latin America and the Caribbean,5.0,South America
DEATHS,ALB,Albania,0,0,0,0,0,0,0,0,0,0,0,0,0,0,0,0,0,0,0,0,0,0,0,0,0,0,0,0,0,0,0,0,0,0,0,0,0,0,0,0,0,0,0,0,0,0,0,0,0,1,1,1,1,1,1,1,2,2,2,2,2,4,2020-03-11,4,2,100.0,2,100.0,3,300.0,1.0,World,150.0,Europe,39.0,Southern Europe,39.0,Southern Europe
DEATHS,ARG,Argentina,0,0,0,0,0,0,0,0,0,0,0,0,0,0,0,0,0,0,0,0,0,0,0,0,0,0,0,0,0,0,0,0,0,0,0,0,0,0,0,0,0,0,0,0,0,0,1,1,1,1,1,2,2,2,2,2,2,3,3,4,4,4,2020-03-08,4,0,0.0,2,100.0,2,100.0,1.0,World,19.0,Americas,419.0,Latin America and the Caribbean,5.0,South America
DEATHS,GNQ,Burkina Faso,0,0,0,0,0,0,0,0,0,0,0,0,0,0,0,0,0,0,0,0,0,0,0,0,0,0,0,0,0,0,0,0,0,0,0,0,0,0,0,0,0,0,0,0,0,0,0,0,0,0,0,0,0,0,0,0,1,1,1,2,4,4,2020-03-18,4,0,0.0,3,300.0,4,400,1.0,World,2.0,Africa,202.0,Sub-Saharan Africa,17.0,Middle Africa
DEATHS,LBN,Lebanon,0,0,0,0,0,0,0,0,0,0,0,0,0,0,0,0,0,0,0,0,0,0,0,0,0,0,0,0,0,0,0,0,0,0,0,0,0,0,0,0,0,0,0,0,0,0,0,0,1,3,3,3,3,3,3,3,3,4,4,4,4,4,2020-03-10,4,0,0.0,1,33.33,1,33.33,1.0,World,142.0,Asia,145.0,Western Asia,145.0,Western Asia
DEATHS,MAR,Morocco,0,0,0,0,0,0,0,0,0,0,0,0,0,0,0,0,0,0,0,0,0,0,0,0,0,0,0,0,0,0,0,0,0,0,0,0,0,0,0,0,0,0,0,0,0,0,0,0,1,1,1,1,1,1,1,2,2,2,3,3,4,4,2020-03-10,4,0,0.0,2,100.0,3,300.0,1.0,World,2.0,Africa,15.0,Northern Africa,15.0,Northern Africa
DEATHS,BGD,Bangladesh,0,0,0,0,0,0,0,0,0,0,0,0,0,0,0,0,0,0,0,0,0,0,0,0,0,0,0,0,0,0,0,0,0,0,0,0,0,0,0,0,0,0,0,0,0,0,0,0,0,0,0,0,0,0,0,0,1,1,1,2,2,3,2020-03-18,3,1,50.0,2,200.0,3,300,1.0,World,142.0,Asia,34.0,Southern Asia,34.0,Southern Asia
DEATHS,BGR,Bulgaria,0,0,0,0,0,0,0,0,0,0,0,0,0,0,0,0,0,0,0,0,0,0,0,0,0,0,0,0,0,0,0,0,0,0,0,0,0,0,0,0,0,0,0,0,0,0,0,0,0,1,1,1,2,2,2,2,2,3,3,3,3,3,2020-03-11,3,0,0.0,1,50.0,1,50.0,1.0,World,150.0,Europe,151.0,Eastern Europe,151.0,Eastern Europe
DEATHS,COL,Colombia,0,0,0,0,0,0,0,0,0,0,0,0,0,0,0,0,0,0,0,0,0,0,0,0,0,0,0,0,0,0,0,0,0,0,0,0,0,0,0,0,0,0,0,0,0,0,0,0,0,0,0,0,0,0,0,0,0,0,0,0,2,3,2020-03-22,3,1,50.0,3,300,3,300,1.0,World,19.0,Americas,419.0,Latin America and the Caribbean,5.0,South America
DEATHS,DOM,Dominican Republic,0,0,0,0,0,0,0,0,0,0,0,0,0,0,0,0,0,0,0,0,0,0,0,0,0,0,0,0,0,0,0,0,0,0,0,0,0,0,0,0,0,0,0,0,0,0,0,0,0,0,0,0,0,0,0,1,1,2,2,2,3,3,2020-03-17,3,0,0.0,2,200.0,3,300,1.0,World,19.0,Americas,419.0,Latin America and the Caribbean,29.0,Caribbean
DEATHS,MEX,Mexico,0,0,0,0,0,0,0,0,0,0,0,0,0,0,0,0,0,0,0,0,0,0,0,0,0,0,0,0,0,0,0,0,0,0,0,0,0,0,0,0,0,0,0,0,0,0,0,0,0,0,0,0,0,0,0,0,0,1,1,2,2,3,2020-03-19,3,1,50.0,3,300,3,300,1.0,World,19.0,Americas,419.0,Latin America and the Caribbean,13.0,Central America
DEATHS,SRB,Serbia,0,0,0,0,0,0,0,0,0,0,0,0,0,0,0,0,0,0,0,0,0,0,0,0,0,0,0,0,0,0,0,0,0,0,0,0,0,0,0,0,0,0,0,0,0,0,0,0,0,0,0,0,0,0,0,0,0,0,1,1,2,3,2020-03-20,3,1,50.0,3,300,3,300,1.0,World,150.0,Europe,39.0,Southern Europe,155.0,Western Europe
DEATHS,SVN,Slovenia,0,0,0,0,0,0,0,0,0,0,0,0,0,0,0,0,0,0,0,0,0,0,0,0,0,0,0,0,0,0,0,0,0,0,0,0,0,0,0,0,0,0,0,0,0,0,0,0,0,0,0,0,1,1,1,1,1,1,1,1,2,3,2020-03-14,3,1,50.0,2,200.0,2,200.0,1.0,World,150.0,Europe,39.0,Southern Europe,155.0,Western Europe
DEATHS,TUN,Tunisia,0,0,0,0,0,0,0,0,0,0,0,0,0,0,0,0,0,0,0,0,0,0,0,0,0,0,0,0,0,0,0,0,0,0,0,0,0,0,0,0,0,0,0,0,0,0,0,0,0,0,0,0,0,0,0,0,0,1,1,1,3,3,2020-03-19,3,0,0.0,3,300,3,300,1.0,World,2.0,Africa,15.0,Northern Africa,15.0,Northern Africa
DEATHS,UKR,Ukraine,0,0,0,0,0,0,0,0,0,0,0,0,0,0,0,0,0,0,0,0,0,0,0,0,0,0,0,0,0,0,0,0,0,0,0,0,0,0,0,0,0,0,0,0,0,0,0,0,0,0,0,1,1,1,1,2,2,2,3,3,3,3,2020-03-13,3,0,0.0,1,50.0,2,200.0,1.0,World,150.0,Europe,151.0,Eastern Europe,151.0,Eastern Europe
DEATHS,ARE,United Arab Emirates,0,0,0,0,0,0,0,0,0,0,0,0,0,0,0,0,0,0,0,0,0,0,0,0,0,0,0,0,0,0,0,0,0,0,0,0,0,0,0,0,0,0,0,0,0,0,0,0,0,0,0,0,0,0,0,0,0,0,2,2,2,2,2020-03-20,2,0,0.0,2,200,2,200,1.0,World,142.0,Asia,145.0,Western Asia,145.0,Western Asia
DEATHS,BHR,Bahrain,0,0,0,0,0,0,0,0,0,0,0,0,0,0,0,0,0,0,0,0,0,0,0,0,0,0,0,0,0,0,0,0,0,0,0,0,0,0,0,0,0,0,0,0,0,0,0,0,0,0,0,0,0,0,1,1,1,1,1,1,2,2,2020-03-16,2,0,0.0,1,100.0,2,200,1.0,World,142.0,Asia,145.0,Western Asia,145.0,Western Asia
DEATHS,CHL,Chile,0,0,0,0,0,0,0,0,0,0,0,0,0,0,0,0,0,0,0,0,0,0,0,0,0,0,0,0,0,0,0,0,0,0,0,0,0,0,0,0,0,0,0,0,0,0,0,0,0,0,0,0,0,0,0,0,0,0,0,0,1,2,2020-03-22,2,1,100.0,2,200,2,200,1.0,World,19.0,Americas,419.0,Latin America and the Caribbean,5.0,South America
DEATHS,CRI,Costa Rica,0,0,0,0,0,0,0,0,0,0,0,0,0,0,0,0,0,0,0,0,0,0,0,0,0,0,0,0,0,0,0,0,0,0,0,0,0,0,0,0,0,0,0,0,0,0,0,0,0,0,0,0,0,0,0,0,0,1,1,2,2,2,2020-03-19,2,0,0.0,2,200,2,200,1.0,World,19.0,Americas,419.0,Latin America and the Caribbean,13.0,Central America
DEATHS,GHA,Ghana,0,0,0,0,0,0,0,0,0,0,0,0,0,0,0,0,0,0,0,0,0,0,0,0,0,0,0,0,0,0,0,0,0,0,0,0,0,0,0,0,0,0,0,0,0,0,0,0,0,0,0,0,0,0,0,0,0,0,0,1,1,2,2020-03-21,2,1,100.0,2,200,2,200,1.0,World,2.0,Africa,202.0,Sub-Saharan Africa,11.0,Western Africa
DEATHS,MKD,North Macedonia,0,0,0,0,0,0,0,0,0,0,0,0,0,0,0,0,0,0,0,0,0,0,0,0,0,0,0,0,0,0,0,0,0,0,0,0,0,0,0,0,0,0,0,0,0,0,0,0,0,0,0,0,0,0,0,0,0,0,0,0,1,2,2020-03-22,2,1,100.0,2,200,2,200,1.0,World,150.0,Europe,39.0,Southern Europe,39.0,Southern Europe
DEATHS,MUS,Mauritius,0,0,0,0,0,0,0,0,0,0,0,0,0,0,0,0,0,0,0,0,0,0,0,0,0,0,0,0,0,0,0,0,0,0,0,0,0,0,0,0,0,0,0,0,0,0,0,0,0,0,0,0,0,0,0,0,0,0,0,1,2,2,2020-03-21,2,0,0.0,2,200,2,200,1.0,World,2.0,Africa,202.0,Sub-Saharan Africa,14.0,Eastern Africa
DEATHS,SGP,Singapore,0,0,0,0,0,0,0,0,0,0,0,0,0,0,0,0,0,0,0,0,0,0,0,0,0,0,0,0,0,0,0,0,0,0,0,0,0,0,0,0,0,0,0,0,0,0,0,0,0,0,0,0,0,0,0,0,0,0,0,2,2,2,2020-03-21,2,0,0.0,2,200,2,200,1.0,World,142.0,Asia,35.0,South-eastern Asia,35.0,South-eastern Asia
DEATHS,TWN,Taiwan,0,0,0,0,0,0,0,0,0,0,0,0,0,0,0,0,0,0,0,0,0,0,0,0,0,1,1,1,1,1,1,1,1,1,1,1,1,1,1,1,1,1,1,1,1,1,1,1,1,1,1,1,1,1,1,1,1,1,2,2,2,2,2020-02-16,2,0,0.0,1,100.0,1,100.0,,,,,,,,
DEATHS,AFG,Afghanistan,0,0,0,0,0,0,0,0,0,0,0,0,0,0,0,0,0,0,0,0,0,0,0,0,0,0,0,0,0,0,0,0,0,0,0,0,0,0,0,0,0,0,0,0,0,0,0,0,0,0,0,0,0,0,0,0,0,0,0,0,1,1,2020-03-22,1,0,0.0,1,100,1,100,1.0,World,142.0,Asia,34.0,Southern Asia,34.0,Southern Asia
DEATHS,AND,Andorra,0,0,0,0,0,0,0,0,0,0,0,0,0,0,0,0,0,0,0,0,0,0,0,0,0,0,0,0,0,0,0,0,0,0,0,0,0,0,0,0,0,0,0,0,0,0,0,0,0,0,0,0,0,0,0,0,0,0,0,0,1,1,2020-03-22,1,0,0.0,1,100,1,100,1.0,World,150.0,Europe,39.0,Southern Europe,39.0,Southern Europe
DEATHS,AZE,Azerbaijan,0,0,0,0,0,0,0,0,0,0,0,0,0,0,0,0,0,0,0,0,0,0,0,0,0,0,0,0,0,0,0,0,0,0,0,0,0,0,0,0,0,0,0,0,0,0,0,0,0,0,0,1,1,1,1,1,1,1,1,1,1,1,2020-03-13,1,0,0.0,0,0.0,0,0.0,1.0,World,142.0,Asia,145.0,Western Asia,145.0,Western Asia
DEATHS,BIH,Bosnia and Herzegovina,0,0,0,0,0,0,0,0,0,0,0,0,0,0,0,0,0,0,0,0,0,0,0,0,0,0,0,0,0,0,0,0,0,0,0,0,0,0,0,0,0,0,0,0,0,0,0,0,0,0,0,0,0,0,0,0,0,0,0,1,1,1,2020-03-21,1,0,0.0,1,100,1,100,1.0,World,150.0,Europe,39.0,Southern Europe,39.0,Southern Europe
DEATHS,COG,Congo (Kinshasa),0,0,0,0,0,0,0,0,0,0,0,0,0,0,0,0,0,0,0,0,0,0,0,0,0,0,0,0,0,0,0,0,0,0,0,0,0,0,0,0,0,0,0,0,0,0,0,0,0,0,0,0,0,0,0,0,0,0,0,1,1,1,2020-03-21,1,0,0.0,1,100,1,100,1.0,World,2.0,Africa,202.0,Sub-Saharan Africa,17.0,Middle Africa
DEATHS,CUB,Cuba,0,0,0,0,0,0,0,0,0,0,0,0,0,0,0,0,0,0,0,0,0,0,0,0,0,0,0,0,0,0,0,0,0,0,0,0,0,0,0,0,0,0,0,0,0,0,0,0,0,0,0,0,0,0,0,0,1,1,1,1,1,1,2020-03-18,1,0,0.0,0,0.0,1,100,1.0,World,19.0,Americas,419.0,Latin America and the Caribbean,29.0,Caribbean
DEATHS,CYP,Cyprus,0,0,0,0,0,0,0,0,0,0,0,0,0,0,0,0,0,0,0,0,0,0,0,0,0,0,0,0,0,0,0,0,0,0,0,0,0,0,0,0,0,0,0,0,0,0,0,0,0,0,0,0,0,0,0,0,0,0,0,0,1,1,2020-03-22,1,0,0.0,1,100,1,100,1.0,World,142.0,Asia,145.0,Western Asia,145.0,Western Asia
DEATHS,CZE,Czech Republic,0,0,0,0,0,0,0,0,0,0,0,0,0,0,0,0,0,0,0,0,0,0,0,0,0,0,0,0,0,0,0,0,0,0,0,0,0,0,0,0,0,0,0,0,0,0,0,0,0,0,0,0,0,0,0,0,0,0,0,0,1,1,2020-03-22,1,0,0.0,1,100,1,100,1.0,World,150.0,Europe,151.0,Eastern Europe,151.0,Eastern Europe
DEATHS,FIN,Finland,0,0,0,0,0,0,0,0,0,0,0,0,0,0,0,0,0,0,0,0,0,0,0,0,0,0,0,0,0,0,0,0,0,0,0,0,0,0,0,0,0,0,0,0,0,0,0,0,0,0,0,0,0,0,0,0,0,0,0,1,1,1,2020-03-21,1,0,0.0,1,100,1,100,1.0,World,150.0,Europe,154.0,Northern Europe,154.0,Northern Europe
DEATHS,GAB,Gabon,0,0,0,0,0,0,0,0,0,0,0,0,0,0,0,0,0,0,0,0,0,0,0,0,0,0,0,0,0,0,0,0,0,0,0,0,0,0,0,0,0,0,0,0,0,0,0,0,0,0,0,0,0,0,0,0,0,0,1,1,1,1,2020-03-20,1,0,0.0,1,100,1,100,1.0,World,2.0,Africa,202.0,Sub-Saharan Africa,17.0,Middle Africa
DEATHS,GMB,Gambia,0,0,0,0,0,0,0,0,0,0,0,0,0,0,0,0,0,0,0,0,0,0,0,0,0,0,0,0,0,0,0,0,0,0,0,0,0,0,0,0,0,0,0,0,0,0,0,0,0,0,0,0,0,0,0,0,0,0,0,0,0,1,2020-03-23,1,1,100,1,100,1,100,1.0,World,2.0,Africa,202.0,Sub-Saharan Africa,11.0,Western Africa
DEATHS,GTM,Guatemala,0,0,0,0,0,0,0,0,0,0,0,0,0,0,0,0,0,0,0,0,0,0,0,0,0,0,0,0,0,0,0,0,0,0,0,0,0,0,0,0,0,0,0,0,0,0,0,0,0,0,0,0,0,0,1,1,1,1,1,1,1,1,2020-03-16,1,0,0.0,0,0.0,1,100,1.0,World,19.0,Americas,419.0,Latin America and the Caribbean,13.0,Central America
DEATHS,GUY,Guyana,0,0,0,0,0,0,0,0,0,0,0,0,0,0,0,0,0,0,0,0,0,0,0,0,0,0,0,0,0,0,0,0,0,0,0,0,0,0,0,0,0,0,0,0,0,0,0,0,0,0,1,1,1,1,1,1,1,1,1,1,1,1,2020-03-12,1,0,0.0,0,0.0,0,0.0,1.0,World,19.0,Americas,419.0,Latin America and the Caribbean,5.0,South America
DEATHS,HRV,Croatia,0,0,0,0,0,0,0,0,0,0,0,0,0,0,0,0,0,0,0,0,0,0,0,0,0,0,0,0,0,0,0,0,0,0,0,0,0,0,0,0,0,0,0,0,0,0,0,0,0,0,0,0,0,0,0,0,0,1,1,1,1,1,2020-03-19,1,0,0.0,1,100,1,100,1.0,World,150.0,Europe,39.0,Southern Europe,39.0,Southern Europe
DEATHS,ISL,Iceland,0,0,0,0,0,0,0,0,0,0,0,0,0,0,0,0,0,0,0,0,0,0,0,0,0,0,0,0,0,0,0,0,0,0,0,0,0,0,0,0,0,0,0,0,0,0,0,0,0,0,0,0,0,5,0,1,1,1,0,1,1,1,2020-03-15,1,0,0.0,0,0.0,-4,0,1.0,World,150.0,Europe,154.0,Northern Europe,154.0,Northern Europe
DEATHS,ISR,Israel,0,0,0,0,0,0,0,0,0,0,0,0,0,0,0,0,0,0,0,0,0,0,0,0,0,0,0,0,0,0,0,0,0,0,0,0,0,0,0,0,0,0,0,0,0,0,0,0,0,0,0,0,0,0,0,0,0,0,0,1,1,1,2020-03-21,1,0,0.0,1,100,1,100,1.0,World,142.0,Asia,145.0,Western Asia,145.0,Western Asia
DEATHS,JAM,Jamaica,0,0,0,0,0,0,0,0,0,0,0,0,0,0,0,0,0,0,0,0,0,0,0,0,0,0,0,0,0,0,0,0,0,0,0,0,0,0,0,0,0,0,0,0,0,0,0,0,0,0,0,0,0,0,0,0,0,1,1,1,1,1,2020-03-19,1,0,0.0,1,100,1,100,1.0,World,19.0,Americas,419.0,Latin America and the Caribbean,29.0,Caribbean
DEATHS,LTU,Lithuania,0,0,0,0,0,0,0,0,0,0,0,0,0,0,0,0,0,0,0,0,0,0,0,0,0,0,0,0,0,0,0,0,0,0,0,0,0,0,0,0,0,0,0,0,0,0,0,0,0,0,0,0,0,0,0,0,0,0,0,1,1,1,2020-03-21,1,0,0.0,1,100,1,100,1.0,World,150.0,Europe,154.0,Northern Europe,154.0,Northern Europe
DEATHS,MDA,Moldova,0,0,0,0,0,0,0,0,0,0,0,0,0,0,0,0,0,0,0,0,0,0,0,0,0,0,0,0,0,0,0,0,0,0,0,0,0,0,0,0,0,0,0,0,0,0,0,0,0,0,0,0,0,0,0,0,1,1,1,1,1,1,2020-03-18,1,0,0.0,0,0.0,1,100,1.0,World,150.0,Europe,151.0,Eastern Europe,151.0,Eastern Europe
DEATHS,MNE,Montenegro,0,0,0,0,0,0,0,0,0,0,0,0,0,0,0,0,0,0,0,0,0,0,0,0,0,0,0,0,0,0,0,0,0,0,0,0,0,0,0,0,0,0,0,0,0,0,0,0,0,0,0,0,0,0,0,0,0,0,0,0,0,1,2020-03-23,1,1,100,1,100,1,100,1.0,World,150.0,Europe,39.0,Southern Europe,39.0,Southern Europe
DEATHS,NGA,Nigeria,0,0,0,0,0,0,0,0,0,0,0,0,0,0,0,0,0,0,0,0,0,0,0,0,0,0,0,0,0,0,0,0,0,0,0,0,0,0,0,0,0,0,0,0,0,0,0,0,0,0,0,0,0,0,0,0,0,0,0,0,0,1,2020-03-23,1,1,100,1,100,1,100,1.0,World,2.0,Africa,202.0,Sub-Saharan Africa,11.0,Western Africa
DEATHS,PRY,Paraguay,0,0,0,0,0,0,0,0,0,0,0,0,0,0,0,0,0,0,0,0,0,0,0,0,0,0,0,0,0,0,0,0,0,0,0,0,0,0,0,0,0,0,0,0,0,0,0,0,0,0,0,0,0,0,0,0,0,0,0,1,1,1,2020-03-21,1,0,0.0,1,100,1,100,1.0,World,19.0,Americas,419.0,Latin America and the Caribbean,5.0,South America
DEATHS,RUS,Russia,0,0,0,0,0,0,0,0,0,0,0,0,0,0,0,0,0,0,0,0,0,0,0,0,0,0,0,0,0,0,0,0,0,0,0,0,0,0,0,0,0,0,0,0,0,0,0,0,0,0,0,0,0,0,0,0,0,1,1,1,1,1,2020-03-19,1,0,0.0,1,100,1,100,1.0,World,150.0,Europe,151.0,Eastern Europe,151.0,Eastern Europe
DEATHS,SDN,Sudan,0,0,0,0,0,0,0,0,0,0,0,0,0,0,0,0,0,0,0,0,0,0,0,0,0,0,0,0,0,0,0,0,0,0,0,0,0,0,0,0,0,0,0,0,0,0,0,0,0,0,0,1,1,1,1,1,1,1,1,1,1,1,2020-03-13,1,0,0.0,0,0.0,0,0.0,1.0,World,2.0,Africa,15.0,Northern Africa,15.0,Northern Africa
DEATHS,THA,Thailand,0,0,0,0,0,0,0,0,0,0,0,0,0,0,0,0,0,0,0,0,0,0,0,0,0,0,0,0,0,0,0,0,0,0,0,0,0,0,0,1,1,1,1,1,1,1,1,1,1,1,1,1,1,1,1,1,1,1,1,1,1,1,2020-03-01,1,0,0.0,0,0.0,0,0.0,1.0,World,142.0,Asia,35.0,South-eastern Asia,35.0,South-eastern Asia
DEATHS,ZWE,Zimbabwe,0,0,0,0,0,0,0,0,0,0,0,0,0,0,0,0,0,0,0,0,0,0,0,0,0,0,0,0,0,0,0,0,0,0,0,0,0,0,0,0,0,0,0,0,0,0,0,0,0,0,0,0,0,0,0,0,0,0,0,0,0,1,2020-03-23,1,1,100,1,100,1,100,1.0,World,2.0,Africa,202.0,Sub-Saharan Africa,14.0,Eastern Africa
DEATHS,AGO,Angola,0,0,0,0,0,0,0,0,0,0,0,0,0,0,0,0,0,0,0,0,0,0,0,0,0,0,0,0,0,0,0,0,0,0,0,0,0,0,0,0,0,0,0,0,0,0,0,0,0,0,0,0,0,0,0,0,0,0,0,0,0,0,FirstReportedOn,0,0,0,0,0,0,0,1.0,World,2.0,Africa,202.0,Sub-Saharan Africa,17.0,Middle Africa
DEATHS,ARM,Armenia,0,0,0,0,0,0,0,0,0,0,0,0,0,0,0,0,0,0,0,0,0,0,0,0,0,0,0,0,0,0,0,0,0,0,0,0,0,0,0,0,0,0,0,0,0,0,0,0,0,0,0,0,0,0,0,0,0,0,0,0,0,0,FirstReportedOn,0,0,0,0,0,0,0,1.0,World,142.0,Asia,145.0,Western Asia,145.0,Western Asia
DEATHS,ATG,Antigua and Barbuda,0,0,0,0,0,0,0,0,0,0,0,0,0,0,0,0,0,0,0,0,0,0,0,0,0,0,0,0,0,0,0,0,0,0,0,0,0,0,0,0,0,0,0,0,0,0,0,0,0,0,0,0,0,0,0,0,0,0,0,0,0,0,FirstReportedOn,0,0,0,0,0,0,0,1.0,World,19.0,Americas,419.0,Latin America and the Caribbean,29.0,Caribbean
DEATHS,BEN,Benin,0,0,0,0,0,0,0,0,0,0,0,0,0,0,0,0,0,0,0,0,0,0,0,0,0,0,0,0,0,0,0,0,0,0,0,0,0,0,0,0,0,0,0,0,0,0,0,0,0,0,0,0,0,0,0,0,0,0,0,0,0,0,FirstReportedOn,0,0,0,0,0,0,0,1.0,World,2.0,Africa,202.0,Sub-Saharan Africa,11.0,Western Africa
DEATHS,BHS,Bahamas,0,0,0,0,0,0,0,0,0,0,0,0,0,0,0,0,0,0,0,0,0,0,0,0,0,0,0,0,0,0,0,0,0,0,0,0,0,0,0,0,0,0,0,0,0,0,0,0,0,0,0,0,0,0,0,0,0,0,0,0,0,0,FirstReportedOn,0,0,0,0,0,0,0,1.0,World,19.0,Americas,419.0,Latin America and the Caribbean,29.0,Caribbean
DEATHS,BLR,Belarus,0,0,0,0,0,0,0,0,0,0,0,0,0,0,0,0,0,0,0,0,0,0,0,0,0,0,0,0,0,0,0,0,0,0,0,0,0,0,0,0,0,0,0,0,0,0,0,0,0,0,0,0,0,0,0,0,0,0,0,0,0,0,FirstReportedOn,0,0,0,0,0,0,0,1.0,World,150.0,Europe,151.0,Eastern Europe,151.0,Eastern Europe
DEATHS,BLZ,Belize,0,0,0,0,0,0,0,0,0,0,0,0,0,0,0,0,0,0,0,0,0,0,0,0,0,0,0,0,0,0,0,0,0,0,0,0,0,0,0,0,0,0,0,0,0,0,0,0,0,0,0,0,0,0,0,0,0,0,0,0,0,0,FirstReportedOn,0,0,0,0,0,0,0,1.0,World,19.0,Americas,419.0,Latin America and the Caribbean,13.0,Central America
DEATHS,BOL,Bolivia,0,0,0,0,0,0,0,0,0,0,0,0,0,0,0,0,0,0,0,0,0,0,0,0,0,0,0,0,0,0,0,0,0,0,0,0,0,0,0,0,0,0,0,0,0,0,0,0,0,0,0,0,0,0,0,0,0,0,0,0,0,0,FirstReportedOn,0,0,0,0,0,0,0,1.0,World,19.0,Americas,419.0,Latin America and the Caribbean,5.0,South America
DEATHS,BRB,Barbados,0,0,0,0,0,0,0,0,0,0,0,0,0,0,0,0,0,0,0,0,0,0,0,0,0,0,0,0,0,0,0,0,0,0,0,0,0,0,0,0,0,0,0,0,0,0,0,0,0,0,0,0,0,0,0,0,0,0,0,0,0,0,FirstReportedOn,0,0,0,0,0,0,0,1.0,World,19.0,Americas,419.0,Latin America and the Caribbean,29.0,Caribbean
DEATHS,BRN,Brunei,0,0,0,0,0,0,0,0,0,0,0,0,0,0,0,0,0,0,0,0,0,0,0,0,0,0,0,0,0,0,0,0,0,0,0,0,0,0,0,0,0,0,0,0,0,0,0,0,0,0,0,0,0,0,0,0,0,0,0,0,0,0,FirstReportedOn,0,0,0,0,0,0,0,1.0,World,142.0,Asia,35.0,South-eastern Asia,35.0,South-eastern Asia
DEATHS,BTN,Bhutan,0,0,0,0,0,0,0,0,0,0,0,0,0,0,0,0,0,0,0,0,0,0,0,0,0,0,0,0,0,0,0,0,0,0,0,0,0,0,0,0,0,0,0,0,0,0,0,0,0,0,0,0,0,0,0,0,0,0,0,0,0,0,FirstReportedOn,0,0,0,0,0,0,0,1.0,World,142.0,Asia,34.0,Southern Asia,34.0,Southern Asia
DEATHS,CAF,Central African Republic,0,0,0,0,0,0,0,0,0,0,0,0,0,0,0,0,0,0,0,0,0,0,0,0,0,0,0,0,0,0,0,0,0,0,0,0,0,0,0,0,0,0,0,0,0,0,0,0,0,0,0,0,0,0,0,0,0,0,0,0,0,0,FirstReportedOn,0,0,0,0,0,0,0,1.0,World,2.0,Africa,202.0,Sub-Saharan Africa,17.0,Middle Africa
DEATHS,CIV,Ivory Coast,0,0,0,0,0,0,0,0,0,0,0,0,0,0,0,0,0,0,0,0,0,0,0,0,0,0,0,0,0,0,0,0,0,0,0,0,0,0,0,0,0,0,0,0,0,0,0,0,0,0,0,0,0,0,0,0,0,0,0,0,0,0,FirstReportedOn,0,0,0,0,0,0,0,1.0,World,2.0,Africa,202.0,Sub-Saharan Africa,11.0,Western Africa
DEATHS,CMR,Cameroon,0,0,0,0,0,0,0,0,0,0,0,0,0,0,0,0,0,0,0,0,0,0,0,0,0,0,0,0,0,0,0,0,0,0,0,0,0,0,0,0,0,0,0,0,0,0,0,0,0,0,0,0,0,0,0,0,0,0,0,0,0,0,FirstReportedOn,0,0,0,0,0,0,0,1.0,World,2.0,Africa,202.0,Sub-Saharan Africa,17.0,Middle Africa
DEATHS,COG,Congo (Brazzaville),0,0,0,0,0,0,0,0,0,0,0,0,0,0,0,0,0,0,0,0,0,0,0,0,0,0,0,0,0,0,0,0,0,0,0,0,0,0,0,0,0,0,0,0,0,0,0,0,0,0,0,0,0,0,0,0,0,0,0,0,0,0,FirstReportedOn,0,0,0,0,0,0,0,1.0,World,2.0,Africa,202.0,Sub-Saharan Africa,17.0,Middle Africa
DEATHS,CPV,Cabo Verde,0,0,0,0,0,0,0,0,0,0,0,0,0,0,0,0,0,0,0,0,0,0,0,0,0,0,0,0,0,0,0,0,0,0,0,0,0,0,0,0,0,0,0,0,0,0,0,0,0,0,0,0,0,0,0,0,0,0,0,0,0,0,FirstReportedOn,0,0,0,0,0,0,0,1.0,World,2.0,Africa,202.0,Sub-Saharan Africa,11.0,Western Africa
DEATHS,DJI,Djibouti,0,0,0,0,0,0,0,0,0,0,0,0,0,0,0,0,0,0,0,0,0,0,0,0,0,0,0,0,0,0,0,0,0,0,0,0,0,0,0,0,0,0,0,0,0,0,0,0,0,0,0,0,0,0,0,0,0,0,0,0,0,0,FirstReportedOn,0,0,0,0,0,0,0,1.0,World,2.0,Africa,202.0,Sub-Saharan Africa,14.0,Eastern Africa
DEATHS,DMA,Dominica,0,0,0,0,0,0,0,0,0,0,0,0,0,0,0,0,0,0,0,0,0,0,0,0,0,0,0,0,0,0,0,0,0,0,0,0,0,0,0,0,0,0,0,0,0,0,0,0,0,0,0,0,0,0,0,0,0,0,0,0,0,0,FirstReportedOn,0,0,0,0,0,0,0,1.0,World,19.0,Americas,419.0,Latin America and the Caribbean,29.0,Caribbean
DEATHS,ERI,Eritrea,0,0,0,0,0,0,0,0,0,0,0,0,0,0,0,0,0,0,0,0,0,0,0,0,0,0,0,0,0,0,0,0,0,0,0,0,0,0,0,0,0,0,0,0,0,0,0,0,0,0,0,0,0,0,0,0,0,0,0,0,0,0,FirstReportedOn,0,0,0,0,0,0,0,1.0,World,2.0,Africa,202.0,Sub-Saharan Africa,14.0,Eastern Africa
DEATHS,EST,Estonia,0,0,0,0,0,0,0,0,0,0,0,0,0,0,0,0,0,0,0,0,0,0,0,0,0,0,0,0,0,0,0,0,0,0,0,0,0,0,0,0,0,0,0,0,0,0,0,0,0,0,0,0,0,0,0,0,0,0,0,0,0,0,FirstReportedOn,0,0,0,0,0,0,0,1.0,World,150.0,Europe,154.0,Northern Europe,154.0,Northern Europe
DEATHS,ETH,Ethiopia,0,0,0,0,0,0,0,0,0,0,0,0,0,0,0,0,0,0,0,0,0,0,0,0,0,0,0,0,0,0,0,0,0,0,0,0,0,0,0,0,0,0,0,0,0,0,0,0,0,0,0,0,0,0,0,0,0,0,0,0,0,0,FirstReportedOn,0,0,0,0,0,0,0,1.0,World,2.0,Africa,202.0,Sub-Saharan Africa,14.0,Eastern Africa
DEATHS,FJI,Fiji,0,0,0,0,0,0,0,0,0,0,0,0,0,0,0,0,0,0,0,0,0,0,0,0,0,0,0,0,0,0,0,0,0,0,0,0,0,0,0,0,0,0,0,0,0,0,0,0,0,0,0,0,0,0,0,0,0,0,0,0,0,0,FirstReportedOn,0,0,0,0,0,0,0,1.0,World,9.0,Oceania,54.0,Melanesia,54.0,Melanesia
DEATHS,GEO,Georgia,0,0,0,0,0,0,0,0,0,0,0,0,0,0,0,0,0,0,0,0,0,0,0,0,0,0,0,0,0,0,0,0,0,0,0,0,0,0,0,0,0,0,0,0,0,0,0,0,0,0,0,0,0,0,0,0,0,0,0,0,0,0,FirstReportedOn,0,0,0,0,0,0,0,1.0,World,142.0,Asia,145.0,Western Asia,145.0,Western Asia
DEATHS,GIN,Guinea,0,0,0,0,0,0,0,0,0,0,0,0,0,0,0,0,0,0,0,0,0,0,0,0,0,0,0,0,0,0,0,0,0,0,0,0,0,0,0,0,0,0,0,0,0,0,0,0,0,0,0,0,0,0,0,0,0,0,0,0,0,0,FirstReportedOn,0,0,0,0,0,0,0,1.0,World,2.0,Africa,202.0,Sub-Saharan Africa,11.0,Western Africa
DEATHS,GNQ,Equatorial Guinea,0,0,0,0,0,0,0,0,0,0,0,0,0,0,0,0,0,0,0,0,0,0,0,0,0,0,0,0,0,0,0,0,0,0,0,0,0,0,0,0,0,0,0,0,0,0,0,0,0,0,0,0,0,0,0,0,0,0,0,0,0,0,FirstReportedOn,0,0,0,0,0,0,0,1.0,World,2.0,Africa,202.0,Sub-Saharan Africa,17.0,Middle Africa
DEATHS,GRD,Grenada,0,0,0,0,0,0,0,0,0,0,0,0,0,0,0,0,0,0,0,0,0,0,0,0,0,0,0,0,0,0,0,0,0,0,0,0,0,0,0,0,0,0,0,0,0,0,0,0,0,0,0,0,0,0,0,0,0,0,0,0,0,0,FirstReportedOn,0,0,0,0,0,0,0,1.0,World,19.0,Americas,419.0,Latin America and the Caribbean,29.0,Caribbean
DEATHS,HND,Honduras,0,0,0,0,0,0,0,0,0,0,0,0,0,0,0,0,0,0,0,0,0,0,0,0,0,0,0,0,0,0,0,0,0,0,0,0,0,0,0,0,0,0,0,0,0,0,0,0,0,0,0,0,0,0,0,0,0,0,0,0,0,0,FirstReportedOn,0,0,0,0,0,0,0,1.0,World,19.0,Americas,419.0,Latin America and the Caribbean,13.0,Central America
DEATHS,HTI,Haiti,0,0,0,0,0,0,0,0,0,0,0,0,0,0,0,0,0,0,0,0,0,0,0,0,0,0,0,0,0,0,0,0,0,0,0,0,0,0,0,0,0,0,0,0,0,0,0,0,0,0,0,0,0,0,0,0,0,0,0,0,0,0,FirstReportedOn,0,0,0,0,0,0,0,1.0,World,19.0,Americas,419.0,Latin America and the Caribbean,29.0,Caribbean
DEATHS,JOR,Jordan,0,0,0,0,0,0,0,0,0,0,0,0,0,0,0,0,0,0,0,0,0,0,0,0,0,0,0,0,0,0,0,0,0,0,0,0,0,0,0,0,0,0,0,0,0,0,0,0,0,0,0,0,0,0,0,0,0,0,0,0,0,0,FirstReportedOn,0,0,0,0,0,0,0,1.0,World,142.0,Asia,145.0,Western Asia,145.0,Western Asia
DEATHS,KAZ,Kazakhstan,0,0,0,0,0,0,0,0,0,0,0,0,0,0,0,0,0,0,0,0,0,0,0,0,0,0,0,0,0,0,0,0,0,0,0,0,0,0,0,0,0,0,0,0,0,0,0,0,0,0,0,0,0,0,0,0,0,0,3,0,0,0,2020-03-20,0,0,0,0,0,0,0,1.0,World,142.0,Asia,143.0,Central Asia,143.0,Central Asia
DEATHS,KEN,Kenya,0,0,0,0,0,0,0,0,0,0,0,0,0,0,0,0,0,0,0,0,0,0,0,0,0,0,0,0,0,0,0,0,0,0,0,0,0,0,0,0,0,0,0,0,0,0,0,0,0,0,0,0,0,0,0,0,0,0,0,0,0,0,FirstReportedOn,0,0,0,0,0,0,0,1.0,World,2.0,Africa,202.0,Sub-Saharan Africa,14.0,Eastern Africa
DEATHS,KGZ,Kyrgyzstan,0,0,0,0,0,0,0,0,0,0,0,0,0,0,0,0,0,0,0,0,0,0,0,0,0,0,0,0,0,0,0,0,0,0,0,0,0,0,0,0,0,0,0,0,0,0,0,0,0,0,0,0,0,0,0,0,0,0,0,0,0,0,FirstReportedOn,0,0,0,0,0,0,0,1.0,World,142.0,Asia,143.0,Central Asia,143.0,Central Asia
DEATHS,KHM,Cambodia,0,0,0,0,0,0,0,0,0,0,0,0,0,0,0,0,0,0,0,0,0,0,0,0,0,0,0,0,0,0,0,0,0,0,0,0,0,0,0,0,0,0,0,0,0,0,0,0,0,0,0,0,0,0,0,0,0,0,0,0,0,0,FirstReportedOn,0,0,0,0,0,0,0,1.0,World,142.0,Asia,35.0,South-eastern Asia,35.0,South-eastern Asia
DEATHS,KWT,Kuwait,0,0,0,0,0,0,0,0,0,0,0,0,0,0,0,0,0,0,0,0,0,0,0,0,0,0,0,0,0,0,0,0,0,0,0,0,0,0,0,0,0,0,0,0,0,0,0,0,0,0,0,0,0,0,0,0,0,0,0,0,0,0,FirstReportedOn,0,0,0,0,0,0,0,1.0,World,142.0,Asia,145.0,Western Asia,145.0,Western Asia
DEATHS,LBR,Liberia,0,0,0,0,0,0,0,0,0,0,0,0,0,0,0,0,0,0,0,0,0,0,0,0,0,0,0,0,0,0,0,0,0,0,0,0,0,0,0,0,0,0,0,0,0,0,0,0,0,0,0,0,0,0,0,0,0,0,0,0,0,0,FirstReportedOn,0,0,0,0,0,0,0,1.0,World,2.0,Africa,202.0,Sub-Saharan Africa,11.0,Western Africa
DEATHS,LCA,Saint Lucia,0,0,0,0,0,0,0,0,0,0,0,0,0,0,0,0,0,0,0,0,0,0,0,0,0,0,0,0,0,0,0,0,0,0,0,0,0,0,0,0,0,0,0,0,0,0,0,0,0,0,0,0,0,0,0,0,0,0,0,0,0,0,FirstReportedOn,0,0,0,0,0,0,0,1.0,World,19.0,Americas,419.0,Latin America and the Caribbean,29.0,Caribbean
DEATHS,LIE,Liechtenstein,0,0,0,0,0,0,0,0,0,0,0,0,0,0,0,0,0,0,0,0,0,0,0,0,0,0,0,0,0,0,0,0,0,0,0,0,0,0,0,0,0,0,0,0,0,0,0,0,0,0,0,0,0,0,0,0,0,0,0,0,0,0,FirstReportedOn,0,0,0,0,0,0,0,1.0,World,150.0,Europe,155.0,Western Europe,155.0,Western Europe
DEATHS,LKA,Sri Lanka,0,0,0,0,0,0,0,0,0,0,0,0,0,0,0,0,0,0,0,0,0,0,0,0,0,0,0,0,0,0,0,0,0,0,0,0,0,0,0,0,0,0,0,0,0,0,0,0,0,0,0,0,0,0,0,0,0,0,0,0,0,0,FirstReportedOn,0,0,0,0,0,0,0,1.0,World,142.0,Asia,34.0,Southern Asia,34.0,Southern Asia
DEATHS,LVA,Latvia,0,0,0,0,0,0,0,0,0,0,0,0,0,0,0,0,0,0,0,0,0,0,0,0,0,0,0,0,0,0,0,0,0,0,0,0,0,0,0,0,0,0,0,0,0,0,0,0,0,0,0,0,0,0,0,0,0,0,0,0,0,0,FirstReportedOn,0,0,0,0,0,0,0,1.0,World,150.0,Europe,154.0,Northern Europe,154.0,Northern Europe
DEATHS,MCO,Monaco,0,0,0,0,0,0,0,0,0,0,0,0,0,0,0,0,0,0,0,0,0,0,0,0,0,0,0,0,0,0,0,0,0,0,0,0,0,0,0,0,0,0,0,0,0,0,0,0,0,0,0,0,0,0,0,0,0,0,0,0,0,0,FirstReportedOn,0,0,0,0,0,0,0,1.0,World,150.0,Europe,155.0,Western Europe,155.0,Western Europe
DEATHS,MDG,Madagascar,0,0,0,0,0,0,0,0,0,0,0,0,0,0,0,0,0,0,0,0,0,0,0,0,0,0,0,0,0,0,0,0,0,0,0,0,0,0,0,0,0,0,0,0,0,0,0,0,0,0,0,0,0,0,0,0,0,0,0,0,0,0,FirstReportedOn,0,0,0,0,0,0,0,1.0,World,2.0,Africa,202.0,Sub-Saharan Africa,14.0,Eastern Africa
DEATHS,MDV,Maldives,0,0,0,0,0,0,0,0,0,0,0,0,0,0,0,0,0,0,0,0,0,0,0,0,0,0,0,0,0,0,0,0,0,0,0,0,0,0,0,0,0,0,0,0,0,0,0,0,0,0,0,0,0,0,0,0,0,0,0,0,0,0,FirstReportedOn,0,0,0,0,0,0,0,1.0,World,142.0,Asia,34.0,Southern Asia,34.0,Southern Asia
DEATHS,MLT,Malta,0,0,0,0,0,0,0,0,0,0,0,0,0,0,0,0,0,0,0,0,0,0,0,0,0,0,0,0,0,0,0,0,0,0,0,0,0,0,0,0,0,0,0,0,0,0,0,0,0,0,0,0,0,0,0,0,0,0,0,0,0,0,FirstReportedOn,0,0,0,0,0,0,0,1.0,World,150.0,Europe,39.0,Southern Europe,39.0,Southern Europe
DEATHS,MNG,Mongolia,0,0,0,0,0,0,0,0,0,0,0,0,0,0,0,0,0,0,0,0,0,0,0,0,0,0,0,0,0,0,0,0,0,0,0,0,0,0,0,0,0,0,0,0,0,0,0,0,0,0,0,0,0,0,0,0,0,0,0,0,0,0,FirstReportedOn,0,0,0,0,0,0,0,1.0,World,142.0,Asia,30.0,Eastern Asia,30.0,Eastern Asia
DEATHS,MOZ,Mozambique,0,0,0,0,0,0,0,0,0,0,0,0,0,0,0,0,0,0,0,0,0,0,0,0,0,0,0,0,0,0,0,0,0,0,0,0,0,0,0,0,0,0,0,0,0,0,0,0,0,0,0,0,0,0,0,0,0,0,0,0,0,0,FirstReportedOn,0,0,0,0,0,0,0,1.0,World,2.0,Africa,202.0,Sub-Saharan Africa,14.0,Eastern Africa
DEATHS,MRT,Mauritania,0,0,0,0,0,0,0,0,0,0,0,0,0,0,0,0,0,0,0,0,0,0,0,0,0,0,0,0,0,0,0,0,0,0,0,0,0,0,0,0,0,0,0,0,0,0,0,0,0,0,0,0,0,0,0,0,0,0,0,0,0,0,FirstReportedOn,0,0,0,0,0,0,0,1.0,World,2.0,Africa,202.0,Sub-Saharan Africa,11.0,Western Africa
DEATHS,NAM,Namibia,0,0,0,0,0,0,0,0,0,0,0,0,0,0,0,0,0,0,0,0,0,0,0,0,0,0,0,0,0,0,0,0,0,0,0,0,0,0,0,0,0,0,0,0,0,0,0,0,0,0,0,0,0,0,0,0,0,0,0,0,0,0,FirstReportedOn,0,0,0,0,0,0,0,1.0,World,2.0,Africa,202.0,Sub-Saharan Africa,18.0,Southern Africa
DEATHS,NER,Niger,0,0,0,0,0,0,0,0,0,0,0,0,0,0,0,0,0,0,0,0,0,0,0,0,0,0,0,0,0,0,0,0,0,0,0,0,0,0,0,0,0,0,0,0,0,0,0,0,0,0,0,0,0,0,0,0,0,0,0,0,0,0,FirstReportedOn,0,0,0,0,0,0,0,1.0,World,2.0,Africa,202.0,Sub-Saharan Africa,11.0,Western Africa
DEATHS,NIC,Nicaragua,0,0,0,0,0,0,0,0,0,0,0,0,0,0,0,0,0,0,0,0,0,0,0,0,0,0,0,0,0,0,0,0,0,0,0,0,0,0,0,0,0,0,0,0,0,0,0,0,0,0,0,0,0,0,0,0,0,0,0,0,0,0,FirstReportedOn,0,0,0,0,0,0,0,1.0,World,19.0,Americas,419.0,Latin America and the Caribbean,13.0,Central America
DEATHS,NPL,Nepal,0,0,0,0,0,0,0,0,0,0,0,0,0,0,0,0,0,0,0,0,0,0,0,0,0,0,0,0,0,0,0,0,0,0,0,0,0,0,0,0,0,0,0,0,0,0,0,0,0,0,0,0,0,0,0,0,0,0,0,0,0,0,FirstReportedOn,0,0,0,0,0,0,0,1.0,World,142.0,Asia,34.0,Southern Asia,34.0,Southern Asia
DEATHS,NZL,New Zealand,0,0,0,0,0,0,0,0,0,0,0,0,0,0,0,0,0,0,0,0,0,0,0,0,0,0,0,0,0,0,0,0,0,0,0,0,0,0,0,0,0,0,0,0,0,0,0,0,0,0,0,0,0,0,0,0,0,0,0,0,0,0,FirstReportedOn,0,0,0,0,0,0,0,1.0,World,9.0,Oceania,53.0,Australia and New Zealand,54.0,Melanesia
DEATHS,OMN,Oman,0,0,0,0,0,0,0,0,0,0,0,0,0,0,0,0,0,0,0,0,0,0,0,0,0,0,0,0,0,0,0,0,0,0,0,0,0,0,0,0,0,0,0,0,0,0,0,0,0,0,0,0,0,0,0,0,0,0,0,0,0,0,FirstReportedOn,0,0,0,0,0,0,0,1.0,World,142.0,Asia,145.0,Western Asia,145.0,Western Asia
DEATHS,PNG,Papua New Guinea,0,0,0,0,0,0,0,0,0,0,0,0,0,0,0,0,0,0,0,0,0,0,0,0,0,0,0,0,0,0,0,0,0,0,0,0,0,0,0,0,0,0,0,0,0,0,0,0,0,0,0,0,0,0,0,0,0,0,0,0,0,0,FirstReportedOn,0,0,0,0,0,0,0,1.0,World,9.0,Oceania,54.0,Melanesia,57.0,Micronesia
DEATHS,QAT,Qatar,0,0,0,0,0,0,0,0,0,0,0,0,0,0,0,0,0,0,0,0,0,0,0,0,0,0,0,0,0,0,0,0,0,0,0,0,0,0,0,0,0,0,0,0,0,0,0,0,0,0,0,0,0,0,0,0,0,0,0,0,0,0,FirstReportedOn,0,0,0,0,0,0,0,1.0,World,142.0,Asia,145.0,Western Asia,145.0,Western Asia
DEATHS,RWA,Rwanda,0,0,0,0,0,0,0,0,0,0,0,0,0,0,0,0,0,0,0,0,0,0,0,0,0,0,0,0,0,0,0,0,0,0,0,0,0,0,0,0,0,0,0,0,0,0,0,0,0,0,0,0,0,0,0,0,0,0,0,0,0,0,FirstReportedOn,0,0,0,0,0,0,0,1.0,World,2.0,Africa,202.0,Sub-Saharan Africa,14.0,Eastern Africa
DEATHS,SAU,Saudi Arabia,0,0,0,0,0,0,0,0,0,0,0,0,0,0,0,0,0,0,0,0,0,0,0,0,0,0,0,0,0,0,0,0,0,0,0,0,0,0,0,0,0,0,0,0,0,0,0,0,0,0,0,0,0,0,0,0,0,0,0,0,0,0,FirstReportedOn,0,0,0,0,0,0,0,1.0,World,142.0,Asia,145.0,Western Asia,145.0,Western Asia
DEATHS,SEN,Senegal,0,0,0,0,0,0,0,0,0,0,0,0,0,0,0,0,0,0,0,0,0,0,0,0,0,0,0,0,0,0,0,0,0,0,0,0,0,0,0,0,0,0,0,0,0,0,0,0,0,0,0,0,0,0,0,0,0,0,0,0,0,0,FirstReportedOn,0,0,0,0,0,0,0,1.0,World,2.0,Africa,202.0,Sub-Saharan Africa,11.0,Western Africa
DEATHS,SLV,El Salvador,0,0,0,0,0,0,0,0,0,0,0,0,0,0,0,0,0,0,0,0,0,0,0,0,0,0,0,0,0,0,0,0,0,0,0,0,0,0,0,0,0,0,0,0,0,0,0,0,0,0,0,0,0,0,0,0,0,0,0,0,0,0,FirstReportedOn,0,0,0,0,0,0,0,1.0,World,19.0,Americas,419.0,Latin America and the Caribbean,13.0,Central America
DEATHS,SOM,Somalia,0,0,0,0,0,0,0,0,0,0,0,0,0,0,0,0,0,0,0,0,0,0,0,0,0,0,0,0,0,0,0,0,0,0,0,0,0,0,0,0,0,0,0,0,0,0,0,0,0,0,0,0,0,0,0,0,0,0,0,0,0,0,FirstReportedOn,0,0,0,0,0,0,0,1.0,World,2.0,Africa,202.0,Sub-Saharan Africa,14.0,Eastern Africa
DEATHS,SUR,Suriname,0,0,0,0,0,0,0,0,0,0,0,0,0,0,0,0,0,0,0,0,0,0,0,0,0,0,0,0,0,0,0,0,0,0,0,0,0,0,0,0,0,0,0,0,0,0,0,0,0,0,0,0,0,0,0,0,0,0,0,0,0,0,FirstReportedOn,0,0,0,0,0,0,0,1.0,World,19.0,Americas,419.0,Latin America and the Caribbean,5.0,South America
DEATHS,SVK,Slovakia,0,0,0,0,0,0,0,0,0,0,0,0,0,0,0,0,0,0,0,0,0,0,0,0,0,0,0,0,0,0,0,0,0,0,0,0,0,0,0,0,0,0,0,0,0,0,0,0,0,0,0,0,0,0,0,0,1,1,1,1,0,0,2020-03-18,0,0,0,-1,0,0,0,1.0,World,150.0,Europe,151.0,Eastern Europe,151.0,Eastern Europe
DEATHS,SWZ,Eswatini,0,0,0,0,0,0,0,0,0,0,0,0,0,0,0,0,0,0,0,0,0,0,0,0,0,0,0,0,0,0,0,0,0,0,0,0,0,0,0,0,0,0,0,0,0,0,0,0,0,0,0,0,0,0,0,0,0,0,0,0,0,0,FirstReportedOn,0,0,0,0,0,0,0,1.0,World,2.0,Africa,202.0,Sub-Saharan Africa,18.0,Southern Africa
DEATHS,SYC,Seychelles,0,0,0,0,0,0,0,0,0,0,0,0,0,0,0,0,0,0,0,0,0,0,0,0,0,0,0,0,0,0,0,0,0,0,0,0,0,0,0,0,0,0,0,0,0,0,0,0,0,0,0,0,0,0,0,0,0,0,0,0,0,0,FirstReportedOn,0,0,0,0,0,0,0,1.0,World,2.0,Africa,202.0,Sub-Saharan Africa,14.0,Eastern Africa
DEATHS,SYR,Syria,0,0,0,0,0,0,0,0,0,0,0,0,0,0,0,0,0,0,0,0,0,0,0,0,0,0,0,0,0,0,0,0,0,0,0,0,0,0,0,0,0,0,0,0,0,0,0,0,0,0,0,0,0,0,0,0,0,0,0,0,0,0,FirstReportedOn,0,0,0,0,0,0,0,1.0,World,142.0,Asia,145.0,Western Asia,145.0,Western Asia
DEATHS,TCD,Chad,0,0,0,0,0,0,0,0,0,0,0,0,0,0,0,0,0,0,0,0,0,0,0,0,0,0,0,0,0,0,0,0,0,0,0,0,0,0,0,0,0,0,0,0,0,0,0,0,0,0,0,0,0,0,0,0,0,0,0,0,0,0,FirstReportedOn,0,0,0,0,0,0,0,1.0,World,2.0,Africa,202.0,Sub-Saharan Africa,17.0,Middle Africa
DEATHS,TGO,Togo,0,0,0,0,0,0,0,0,0,0,0,0,0,0,0,0,0,0,0,0,0,0,0,0,0,0,0,0,0,0,0,0,0,0,0,0,0,0,0,0,0,0,0,0,0,0,0,0,0,0,0,0,0,0,0,0,0,0,0,0,0,0,FirstReportedOn,0,0,0,0,0,0,0,1.0,World,2.0,Africa,202.0,Sub-Saharan Africa,11.0,Western Africa
DEATHS,TLS,East Timor,0,0,0,0,0,0,0,0,0,0,0,0,0,0,0,0,0,0,0,0,0,0,0,0,0,0,0,0,0,0,0,0,0,0,0,0,0,0,0,0,0,0,0,0,0,0,0,0,0,0,0,0,0,0,0,0,0,0,0,0,0,0,FirstReportedOn,0,0,0,0,0,0,0,1.0,World,142.0,Asia,35.0,South-eastern Asia,35.0,South-eastern Asia
DEATHS,TTO,Trinidad and Tobago,0,0,0,0,0,0,0,0,0,0,0,0,0,0,0,0,0,0,0,0,0,0,0,0,0,0,0,0,0,0,0,0,0,0,0,0,0,0,0,0,0,0,0,0,0,0,0,0,0,0,0,0,0,0,0,0,0,0,0,0,0,0,FirstReportedOn,0,0,0,0,0,0,0,1.0,World,19.0,Americas,419.0,Latin America and the Caribbean,29.0,Caribbean
DEATHS,TZA,Tanzania,0,0,0,0,0,0,0,0,0,0,0,0,0,0,0,0,0,0,0,0,0,0,0,0,0,0,0,0,0,0,0,0,0,0,0,0,0,0,0,0,0,0,0,0,0,0,0,0,0,0,0,0,0,0,0,0,0,0,0,0,0,0,FirstReportedOn,0,0,0,0,0,0,0,1.0,World,2.0,Africa,202.0,Sub-Saharan Africa,14.0,Eastern Africa
DEATHS,UGA,Uganda,0,0,0,0,0,0,0,0,0,0,0,0,0,0,0,0,0,0,0,0,0,0,0,0,0,0,0,0,0,0,0,0,0,0,0,0,0,0,0,0,0,0,0,0,0,0,0,0,0,0,0,0,0,0,0,0,0,0,0,0,0,0,FirstReportedOn,0,0,0,0,0,0,0,1.0,World,2.0,Africa,202.0,Sub-Saharan Africa,14.0,Eastern Africa
DEATHS,URY,Uruguay,0,0,0,0,0,0,0,0,0,0,0,0,0,0,0,0,0,0,0,0,0,0,0,0,0,0,0,0,0,0,0,0,0,0,0,0,0,0,0,0,0,0,0,0,0,0,0,0,0,0,0,0,0,0,0,0,0,0,0,0,0,0,FirstReportedOn,0,0,0,0,0,0,0,1.0,World,19.0,Americas,419.0,Latin America and the Caribbean,5.0,South America
DEATHS,UZB,Uzbekistan,0,0,0,0,0,0,0,0,0,0,0,0,0,0,0,0,0,0,0,0,0,0,0,0,0,0,0,0,0,0,0,0,0,0,0,0,0,0,0,0,0,0,0,0,0,0,0,0,0,0,0,0,0,0,0,0,0,0,0,0,0,0,FirstReportedOn,0,0,0,0,0,0,0,1.0,World,142.0,Asia,143.0,Central Asia,143.0,Central Asia
DEATHS,VAT,Vatican City,0,0,0,0,0,0,0,0,0,0,0,0,0,0,0,0,0,0,0,0,0,0,0,0,0,0,0,0,0,0,0,0,0,0,0,0,0,0,0,0,0,0,0,0,0,0,0,0,0,0,0,0,0,0,0,0,0,0,0,0,0,0,FirstReportedOn,0,0,0,0,0,0,0,1.0,World,150.0,Europe,39.0,Southern Europe,39.0,Southern Europe
DEATHS,VCT,Saint Vincent and the Grenadines,0,0,0,0,0,0,0,0,0,0,0,0,0,0,0,0,0,0,0,0,0,0,0,0,0,0,0,0,0,0,0,0,0,0,0,0,0,0,0,0,0,0,0,0,0,0,0,0,0,0,0,0,0,0,0,0,0,0,0,0,0,0,FirstReportedOn,0,0,0,0,0,0,0,1.0,World,19.0,Americas,419.0,Latin America and the Caribbean,29.0,Caribbean
DEATHS,VEN,Venezuela,0,0,0,0,0,0,0,0,0,0,0,0,0,0,0,0,0,0,0,0,0,0,0,0,0,0,0,0,0,0,0,0,0,0,0,0,0,0,0,0,0,0,0,0,0,0,0,0,0,0,0,0,0,0,0,0,0,0,0,0,0,0,FirstReportedOn,0,0,0,0,0,0,0,1.0,World,19.0,Americas,419.0,Latin America and the Caribbean,5.0,South America
DEATHS,VNM,Vietnam,0,0,0,0,0,0,0,0,0,0,0,0,0,0,0,0,0,0,0,0,0,0,0,0,0,0,0,0,0,0,0,0,0,0,0,0,0,0,0,0,0,0,0,0,0,0,0,0,0,0,0,0,0,0,0,0,0,0,0,0,0,0,FirstReportedOn,0,0,0,0,0,0,0,1.0,World,142.0,Asia,35.0,South-eastern Asia,35.0,South-eastern Asia
DEATHS,ZAF,South Africa,0,0,0,0,0,0,0,0,0,0,0,0,0,0,0,0,0,0,0,0,0,0,0,0,0,0,0,0,0,0,0,0,0,0,0,0,0,0,0,0,0,0,0,0,0,0,0,0,0,0,0,0,0,0,0,0,0,0,0,0,0,0,FirstReportedOn,0,0,0,0,0,0,0,1.0,World,2.0,Africa,202.0,Sub-Saharan Africa,18.0,Southern Africa
DEATHS,ZMB,Zambia,0,0,0,0,0,0,0,0,0,0,0,0,0,0,0,0,0,0,0,0,0,0,0,0,0,0,0,0,0,0,0,0,0,0,0,0,0,0,0,0,0,0,0,0,0,0,0,0,0,0,0,0,0,0,0,0,0,0,0,0,0,0,FirstReportedOn,0,0,0,0,0,0,0,1.0,World,2.0,Africa,202.0,Sub-Saharan Africa,14.0,Eastern Africa
